Title,Organism,Type,Platform,Samples,Accession,FTP,Data Processing,Samples,
Biopsy expression profiling of an adult inflammatory bowel disease cohort,Homo sapiens,Expression profiling by high throughput sequencing,GPL16791 2490 Samples,2490,"GSE193677	ID: 200193677",GEO (TXT) ftp://ftp.ncbi.nlm.nih.gov/geo/series/GSE193nnn/GSE193677/,,,
Large-scale whole blood RNA-Seq identifies transcriptional differences between primary sclerosing cholangitis and ulcerative colitis ,Homo sapiens,Expression profiling by high throughput sequencing,GPL16791 1035 Samples,1035,"GSE177044	ID: 200177044",GEO (CSV) ftp://ftp.ncbi.nlm.nih.gov/geo/series/GSE177nnn/GSE177044/,,,
Blood expression profiling of an adult inflammatory bowel disease cohort,Homo sapiens,Expression profiling by high throughput sequencing,GPL16791 1030 Samples,1030,"GSE186507	ID: 200186507",GEO (TXT) ftp://ftp.ncbi.nlm.nih.gov/geo/series/GSE186nnn/GSE186507/,,,
"Genes in Inflammatory Bowel Disease-Associated Risk Loci Demonstrate Genotype-, Tissue-, and Inflammation-Specific Patterns of Expression in Terminal Ileum and Colon Mucosal Tissue",Homo sapiens,Other,GPL20926 989 Samples,989,"GSE73094	ID: 200073094",GEO (TXT) ftp://ftp.ncbi.nlm.nih.gov/geo/series/GSE73nnn/GSE73094/,,,
Integrative Epigenome-Wide Analysis Shows That DNA Methylation May Mediate Genetic Risk In Inflammatory Bowel Disease,Homo sapiens,Expression profiling by array; Methylation profiling by genome tiling array,GPL13534 GPL10558 875 Samples,875,"GSE87650	ID: 200087650","GEO (IDAT, TXT) ftp://ftp.ncbi.nlm.nih.gov/geo/series/GSE87nnn/GSE87650/",,,
Efficacy and safety of ustekinumab treatment in patients with ulcerative colitis,Homo sapiens,Expression profiling by array,GPL13158 568 Samples,568,"GSE206285	ID: 200206285","GEO (CEL, TSV) ftp://ftp.ncbi.nlm.nih.gov/geo/series/GSE206nnn/GSE206285/",,,
Epigenetic array data of saliva samples in individiduals with Crohn's Disease and Ulcerative Colitis with controls,Homo sapiens,Methylation profiling by genome tiling array,GPL21145 552 Samples,552,"GSE232891	ID: 200232891","GEO (CSV, IDAT) ftp://ftp.ncbi.nlm.nih.gov/geo/series/GSE232nnn/GSE232891/",,,
Structural Remodeling of the Human Colonic Mesenchyme in Inflammatory Bowel Disease,Homo sapiens,Expression profiling by high throughput sequencing,GPL20301 GPL16791 480 Samples,480,"GSE95459	ID: 200095459",GEO ftp://ftp.ncbi.nlm.nih.gov/geo/series/GSE95nnn/GSE95459/,,,
"Vedolizumab efficacy is associated with decreased intracolonic dendritic cells, not memory T cells",Homo sapiens,Expression profiling by high throughput sequencing,GPL16791 442 Samples,442,"GSE234982	ID: 200234982",GEO ftp://ftp.ncbi.nlm.nih.gov/geo/series/GSE234nnn/GSE234982/,,,
Treatment Naïve and Follow-Up Pediatric Ulcerative Colitis Rectal Gene Expression,Homo sapiens,Expression profiling by high throughput sequencing,GPL21697 418 Samples,418,"GSE150961	ID: 200150961",GEO (TXT) ftp://ftp.ncbi.nlm.nih.gov/geo/series/GSE150nnn/GSE150961/,,,
"Integrative Epigenome-Wide Analysis Shows That DNA Methylation May Mediate Genetic Risk In Inflammatory Bowel Disease [Whole blood, Methylation profiling]",Homo sapiens,Methylation profiling by genome tiling array,GPL13534 384 Samples,384,"GSE87648	ID: 200087648","GEO (IDAT, TXT) ftp://ftp.ncbi.nlm.nih.gov/geo/series/GSE87nnn/GSE87648/",,,
Common functional alterations identified in blood transcriptome of autoimmune cholestatic liver and inflammatory bowel diseases,Homo sapiens,Expression profiling by array,GPL10558 370 Samples,370,"GSE119600	ID: 200119600",GEO (TXT) ftp://ftp.ncbi.nlm.nih.gov/geo/series/GSE119nnn/GSE119600/,,,
Longitudinal Rectal tissue DNA methylation Profiling Identifies Cell-specific Signatures for Disease severity and Outcome in Ulcerative Colitis,Homo sapiens,Methylation profiling by genome tiling array,GPL21145 369 Samples,369,"GSE185061	ID: 200185061","GEO (IDAT, TXT) ftp://ftp.ncbi.nlm.nih.gov/geo/series/GSE185nnn/GSE185061/",,,
Gut biopsies from patients with Crohn's Disease and Ulcerative Colitis and healthy controls,Homo sapiens,Expression profiling by array,GPL19833 368 Samples,368,"GSE66407	ID: 200066407",GEO (CEL) ftp://ftp.ncbi.nlm.nih.gov/geo/series/GSE66nnn/GSE66407/,,,
Epigenetic inactivation of the autophagy-lysosomal system in the Parkinson’s disease appendix,Homo sapiens,Expression profiling by high throughput sequencing; Genome binding/occupancy profiling by high throughput sequencing; Methylation profiling by high throughput sequencing,GPL18573 GPL24676 GPL16791 366 Samples,366,"GSE135751	ID: 200135751",GEO (TXT) ftp://ftp.ncbi.nlm.nih.gov/geo/series/GSE135nnn/GSE135751/,,,
"Vedolizumab efficacy is associated with decreased intracolonic dendritic cells, not memory T cells [P444]",Homo sapiens,Expression profiling by high throughput sequencing,GPL16791 346 Samples,346,"GSE234981	ID: 200234981",GEO (CSV) ftp://ftp.ncbi.nlm.nih.gov/geo/series/GSE234nnn/GSE234981/,,,
Core Ileal Transcriptome in Pediatric Crohn Disease,Homo sapiens,Expression profiling by high throughput sequencing,GPL11154 322 Samples,322,"GSE57945	ID: 200057945",GEO (TXT) ftp://ftp.ncbi.nlm.nih.gov/geo/series/GSE57nnn/GSE57945/,,,
Large-scale East-Asian eQTL mapping reveals novel candidate genes for LD mapping and the genomic landscape of transcriptional effects of sequence variants,Homo sapiens,Expression profiling by array,GPL14550 301 Samples,301,"GSE53351	ID: 200053351",GEO (TXT) ftp://ftp.ncbi.nlm.nih.gov/geo/series/GSE53nnn/GSE53351/,,,
Blood gene expression signatures distinguish autism spectrum disorders from controls,Homo sapiens,Expression profiling by array,GPL6244 GPL570 285 Samples,285,"GSE18123	ID: 200018123",GEO (CEL) ftp://ftp.ncbi.nlm.nih.gov/geo/series/GSE18nnn/GSE18123/,,Blood signatures,
"Associations between host gene expression, the mucosal microbiome, and clinical outcome in the pelvic pouch of patients with inflammatory bowel disease.",Homo sapiens,Expression profiling by array,GPL6244 273 Samples,273,"GSE65270	ID: 200065270",GEO (CEL) ftp://ftp.ncbi.nlm.nih.gov/geo/series/GSE65nnn/GSE65270/,,,
Embark cross-sectional study of inactive and active lesions from the ileum and colon of inflammatory bowel disease patients,Homo sapiens,Expression profiling by array,GPL6480 254 Samples,254,"GSE179285	ID: 200179285",GEO (TXT) ftp://ftp.ncbi.nlm.nih.gov/geo/series/GSE179nnn/GSE179285/,,,
Longitudinal Multi’omics of the Human Microbiome in Inflammatory Bowel Disease,Homo sapiens,Expression profiling by high throughput sequencing,GPL11154 251 Samples,251,"GSE111889	ID: 200111889",GEO (TSV) ftp://ftp.ncbi.nlm.nih.gov/geo/series/GSE111nnn/GSE111889/,,,
Integrative Epigenome-Wide Analysis Shows That DNA Methylation May Mediate Genetic Risk In Inflammatory Bowel Disease [Expression profiling],Homo sapiens,Expression profiling by array,GPL10558 251 Samples,251,"GSE86434	ID: 200086434","GEO (IDAT, TXT) ftp://ftp.ncbi.nlm.nih.gov/geo/series/GSE86nnn/GSE86434/",,,
Small RNA-seq data of peripheral blood obtained from treatment-receiving IBD patients and control individuals (small RNA-Seq II),Homo sapiens,Non-coding RNA profiling by high throughput sequencing,GPL16791 242 Samples,242,"GSE169570	ID: 200169570",GEO (TXT) ftp://ftp.ncbi.nlm.nih.gov/geo/series/GSE169nnn/GSE169570/,,,
"Integrative Epigenome-Wide Analysis Shows That DNA Methylation May Mediate Genetic Risk In Inflammatory Bowel Disease [Cells, Methylation profiling]",Homo sapiens,Methylation profiling by genome tiling array,GPL13534 240 Samples,240,"GSE87640	ID: 200087640","GEO (IDAT, TXT) ftp://ftp.ncbi.nlm.nih.gov/geo/series/GSE87nnn/GSE87640/",,,
"Mucosal transcriptome of rectal biopsies in treatment-naïve, pediatric ulcerative colitits patients",Homo sapiens,Expression profiling by high throughput sequencing,GPL16791 226 Samples,226,"GSE109142	ID: 200109142",GEO (TXT) ftp://ftp.ncbi.nlm.nih.gov/geo/series/GSE109nnn/GSE109142/,,,
A longitudinal single-cell atlas of anti-tumour necrosis factor treatment in inflammatory bowel disease,Homo sapiens,Expression profiling by high throughput sequencing,GPL24676 216 Samples,216,"GSE282122	ID: 200282122",GEO ftp://ftp.ncbi.nlm.nih.gov/geo/series/GSE282nnn/GSE282122/,,,
Transcriptional and functional characterization of human intestinal organoid and monolayer models for IBD-therapeutic development,Homo sapiens,Expression profiling by high throughput sequencing,GPL24676 211 Samples,211,"GSE197698	ID: 200197698",GEO (TXT) ftp://ftp.ncbi.nlm.nih.gov/geo/series/GSE197nnn/GSE197698/,,,
Small RNA-seq data of peripheral blood obtained from treatment-näive IBD patients and control individuals (small RNA-Seq I),Homo sapiens,Non-coding RNA profiling by high throughput sequencing,GPL16791 205 Samples,205,"GSE169569	ID: 200169569",GEO (TXT) ftp://ftp.ncbi.nlm.nih.gov/geo/series/GSE169nnn/GSE169569/,,,
BeadChip microarray data of peripheral blood obtained from treatment-näive IBD patients and control individuals,Homo sapiens,Expression profiling by array,GPL10558 205 Samples,205,"GSE169568	ID: 200169568","GEO (IDAT, TXT) ftp://ftp.ncbi.nlm.nih.gov/geo/series/GSE169nnn/GSE169568/",,,
A validated single-cell-based strategy to identify diagnostic and therapeutic targets in complex diseases,Homo sapiens,Expression profiling by array,GPL25864 204 Samples,204,"GSE123088	ID: 200123088",GEO (TXT) ftp://ftp.ncbi.nlm.nih.gov/geo/series/GSE123nnn/GSE123088/,,,
Whole Blood Transcriptome Profiling in Juvenile Idiopathic Arthritis and Inflammatory Bowel Disease,Homo sapiens,Expression profiling by high throughput sequencing,GPL11154 202 Samples,202,"GSE112057	ID: 200112057",GEO (TXT) ftp://ftp.ncbi.nlm.nih.gov/geo/series/GSE112nnn/GSE112057/,,,
Colon biopsies from UC patients and healthy controls,Homo sapiens,Expression profiling by array,GPL1708 202 Samples,202,"GSE11223	ID: 200011223",GEO (TXT) ftp://ftp.ncbi.nlm.nih.gov/geo/series/GSE11nnn/GSE11223/,,,
Ileum Transcriptomic Profiling in Inflammatory Bowel Disease,Homo sapiens,Expression profiling by high throughput sequencing,GPL21697 195 Samples,195,"GSE137344	ID: 200137344",GEO (TXT) ftp://ftp.ncbi.nlm.nih.gov/geo/series/GSE137nnn/GSE137344/,,,
Mucosal gene expression profiling in patients with inflammatory bowel disease study,Homo sapiens,Expression profiling by array,GPL6244 194 Samples,194,"GSE75214	ID: 200075214",GEO (CEL) ftp://ftp.ncbi.nlm.nih.gov/geo/series/GSE75nnn/GSE75214/,,,
Structural Remodeling of the Human Colonic Mesenchyme in Inflammatory Bowel Disease [3],Homo sapiens,Expression profiling by high throughput sequencing,GPL20301 192 Samples,192,"GSE95450	ID: 200095450",GEO (TXT) ftp://ftp.ncbi.nlm.nih.gov/geo/series/GSE95nnn/GSE95450/,,,
Structural Remodeling of the Human Colonic Mesenchyme in Inflammatory Bowel Disease [2],Homo sapiens,Expression profiling by high throughput sequencing,GPL16791 192 Samples,192,"GSE95446	ID: 200095446",GEO (TXT) ftp://ftp.ncbi.nlm.nih.gov/geo/series/GSE95nnn/GSE95446/,,,
Transcription profiles of rectal biopsies obtained during diagnostic colonoscopy for pediatric inflammatory bowel diseases.,Homo sapiens,Expression profiling by high throughput sequencing,GPL16791 190 Samples,190,"GSE117993	ID: 200117993",GEO (TXT) ftp://ftp.ncbi.nlm.nih.gov/geo/series/GSE117nnn/GSE117993/,,,
Characterization of molecular response to Golimumab in Ulcerative Colitis by mucosal biopsy mRNA expression profiling: results from PURSUIT-SC induction study,Homo sapiens,Expression profiling by array,GPL13158 183 Samples,183,"GSE92415	ID: 200092415",GEO (CEL) ftp://ftp.ncbi.nlm.nih.gov/geo/series/GSE92nnn/GSE92415/,,,
The effect of vedolizumab (anti-α4β7-integrin) therapy on colonic mucosal gene expression in patients with ulcerative colitis (UC),Homo sapiens,Expression profiling by array,GPL6244 178 Samples,178,"GSE73661	ID: 200073661",GEO (CEL) ftp://ftp.ncbi.nlm.nih.gov/geo/series/GSE73nnn/GSE73661/,,,
Concordance between gene expression in peripheral whole blood and colonic tissue in children with inflammatory bowel disease.,Homo sapiens,Expression profiling by array,GPL6244 176 Samples,176,"GSE126124	ID: 200126124",GEO (CEL) ftp://ftp.ncbi.nlm.nih.gov/geo/series/GSE126nnn/GSE126124/,,,
Mucosal transcriptomics implicates under expression of FAM5C in the pathogenesis of ulcerative colitis,Homo sapiens,Expression profiling by array,GPL10558 171 Samples,171,"GSE48634	ID: 200048634",GEO (TXT) ftp://ftp.ncbi.nlm.nih.gov/geo/series/GSE48nnn/GSE48634/,,,
Characterization of the IL23-IL17 immune axis in IBD patients,Homo sapiens,Expression profiling by high throughput sequencing,GPL16791 170 Samples,170,"GSE165512	ID: 200165512",GEO (TSV) ftp://ftp.ncbi.nlm.nih.gov/geo/series/GSE165nnn/GSE165512/,,,
Genotyping analysis employing Illumina Infinium ImmunoArray-24 v2.0 BeadChip,Homo sapiens,Genome variation profiling by SNP array,GPL24141 170 Samples,170,"GSE105120	ID: 200105120","GEO (IDAT, TXT) ftp://ftp.ncbi.nlm.nih.gov/geo/series/GSE105nnn/GSE105120/",,,
Ulcerative Colitis subjects,Homo sapiens,Expression profiling by array; Expression profiling by high throughput sequencing,GPL15207 GPL18573 167 Samples,167,"GSE107597	ID: 200107597",GEO (CEL) ftp://ftp.ncbi.nlm.nih.gov/geo/series/GSE107nnn/GSE107597/,,,
A validated single-cell-based strategy to identify diagnostic and therapeutic targets in complex diseases [study of 13 diseases],Homo sapiens,Expression profiling by array,GPL25864 166 Samples,166,"GSE123086	ID: 200123086",GEO (TXT) ftp://ftp.ncbi.nlm.nih.gov/geo/series/GSE123nnn/GSE123086/,,,
In-depth transcriptomic analyses investigating molecular mechanisms underlying diabetic retinopathy,Homo sapiens,Expression profiling by high throughput sequencing; Non-coding RNA profiling by high throughput sequencing,GPL20301 158 Samples,158,"GSE160310	ID: 200160310",GEO ftp://ftp.ncbi.nlm.nih.gov/geo/series/GSE160nnn/GSE160310/,,,
Gene expression profiling of sigmoid colonic tissue form patients with ulcerative colitis and healthy controls,Homo sapiens,Expression profiling by array,GPL19211 152 Samples,152,"GSE206171	ID: 200206171","GEO (CEL, XLSX) ftp://ftp.ncbi.nlm.nih.gov/geo/series/GSE206nnn/GSE206171/",,,
A functional genomics predictive network model identifies regulators of inflammatory bowel disease: Mount Sinai Hospital (MSH) Population Specimen Collection and Profiling of Inflammatory Bowel Disease,Homo sapiens,Expression profiling by high throughput sequencing,GPL16791 134 Samples,134,"GSE83687	ID: 200083687",GEO (TXT) ftp://ftp.ncbi.nlm.nih.gov/geo/series/GSE83nnn/GSE83687/,,,
Mucosal expression profiling in patients with inflammatory bowel disease before and after first infliximab treatment,Homo sapiens,Expression profiling by array,GPL570 133 Samples,133,"GSE16879	ID: 200016879",GEO (CEL) ftp://ftp.ncbi.nlm.nih.gov/geo/series/GSE16nnn/GSE16879/,,Treatment - infliximab,
SIRPa agonist antibody treatment ameliorates experimental arthritis and colitis [array],Homo sapiens,Expression profiling by array,GPL570 132 Samples,132,"GSE236924	ID: 200236924",GEO (CEL) ftp://ftp.ncbi.nlm.nih.gov/geo/series/GSE236nnn/GSE236924/,,Treatment - SIRPa agonist antibody ,
Genome-wide maps of circulating miRNA biomarkers for Ulcerative Colitis,Homo sapiens; synthetic construct,Non-coding RNA profiling by array,GPL8786 132 Samples,132,"GSE32273	ID: 200032273",GEO (CEL) ftp://ftp.ncbi.nlm.nih.gov/geo/series/GSE32nnn/GSE32273/,,,
Gene expression profiling of mucosal biopsies from pediatric or adult patients with moderately to severely active ulcerative colitis,Homo sapiens,Expression profiling by array,GPL13158 127 Samples,127,"GSE87473	ID: 200087473",GEO (CEL) ftp://ftp.ncbi.nlm.nih.gov/geo/series/GSE87nnn/GSE87473/,,,
Comparison of PBMCs in Inflammatory Bowel Disease,Homo sapiens,Expression profiling by array,GPL96 127 Samples,127,"GSE3365	ID: 200003365",GEO ftp://ftp.ncbi.nlm.nih.gov/geo/series/GSE3nnn/GSE3365/,,,
Molecular Marker for predicting development of cancer in ulcerative colitis,Homo sapiens,Expression profiling by array,GPL570 121 Samples,121,"GSE3629	ID: 200003629",GEO ftp://ftp.ncbi.nlm.nih.gov/geo/series/GSE3nnn/GSE3629/,MASS 5.0 (UC with dysplasia),,
Transcriptome Profiling of Rectal and Ileal Tissues in Inflammatory Bowel Disease,Homo sapiens,Expression profiling by high throughput sequencing,GPL20301 GPL16791 119 Samples,119,"GSE158952	ID: 200158952",GEO (TXT) ftp://ftp.ncbi.nlm.nih.gov/geo/series/GSE158nnn/GSE158952/,,,
Expression data from Ulcerative Colitis subjects,Homo sapiens,Expression profiling by array,GPL15207 119 Samples,119,"GSE107499	ID: 200107499",GEO (CEL) ftp://ftp.ncbi.nlm.nih.gov/geo/series/GSE107nnn/GSE107499/,,,
Divergent spatial microdomains drive inflammation and repair in Ulcerative and Immune Checkpoint Therapy Colitis.,Homo sapiens,Expression profiling by high throughput sequencing; Other,GPL18573 GPL24676 117 Samples,117,"GSE189185	ID: 200189185",GEO (ZIP) ftp://ftp.ncbi.nlm.nih.gov/geo/series/GSE189nnn/GSE189185/,,,
Mucosal gene expression profiling in patients with inflammatory bowel disease,Homo sapiens,Expression profiling by array,GPL6244 116 Samples,116,"GSE59071	ID: 200059071",GEO (CEL) ftp://ftp.ncbi.nlm.nih.gov/geo/series/GSE59nnn/GSE59071/,,,
Association of microRNAs with CD68 and NOS2 in IBD tissues.,Mus musculus; Homo sapiens,Non-coding RNA profiling by array,GPL13681 114 Samples,114,"GSE29703	ID: 200029703",GEO (GPR) ftp://ftp.ncbi.nlm.nih.gov/geo/series/GSE29nnn/GSE29703/,,,
Gene expression profiling of mucosal biopsies from adult patients with moderately to severely active ulcerative colitis,Homo sapiens,Expression profiling by array,GPL13158 108 Samples,108,"GSE87466	ID: 200087466",GEO (CEL) ftp://ftp.ncbi.nlm.nih.gov/geo/series/GSE87nnn/GSE87466/,,,
Genetic architecture differences between pediatric and adult-onset inflammatory bowel diseases in the Polish population,Homo sapiens,Genome variation profiling by SNP array,GPL16104 108 Samples,108,"GSE79094	ID: 200079094",GEO (TXT) ftp://ftp.ncbi.nlm.nih.gov/geo/series/GSE79nnn/GSE79094/,,,
Single-Cell Analyses Elucidate the Cellular and Molecular Landscape of Ulcerative Colitis,Homo sapiens,Expression profiling by high throughput sequencing; Other,GPL20301 GPL24676 103 Samples,103,"GSE125527	ID: 200125527","GEO (CSV, TSV) ftp://ftp.ncbi.nlm.nih.gov/geo/series/GSE125nnn/GSE125527/",,,
Myeloid Cell Adhesion Molecule 1 (CADM1) promotes pro-inflammatory signaling during Inflammatory Bowel Disease.,Homo sapiens,Non-coding RNA profiling by high throughput sequencing,GPL16791 102 Samples,102,"GSE272890	ID: 200272890",GEO (CSV) ftp://ftp.ncbi.nlm.nih.gov/geo/series/GSE272nnn/GSE272890/,,,
Differential early pathogenic changes in human ileal gene expression in Crohn's disease and ulcerative colitis,Homo sapiens,Expression profiling by array,GPL6480 99 Samples,99,"GSE24287	ID: 200024287",GEO (GPR) ftp://ftp.ncbi.nlm.nih.gov/geo/series/GSE24nnn/GSE24287/,,,
"Expression data from peripheral whole blood of non-IBD controls, CD and UC patients",Homo sapiens,Expression profiling by array,GPL19109 97 Samples,97,"GSE94648	ID: 200094648",GEO (CEL) ftp://ftp.ncbi.nlm.nih.gov/geo/series/GSE94nnn/GSE94648/,,,
"Vedolizumab efficacy is associated with decreased intracolonic dendritic cells, not memory T cells [P430]",Homo sapiens,Expression profiling by high throughput sequencing,GPL16791 96 Samples,96,"GSE234736	ID: 200234736",GEO (CSV) ftp://ftp.ncbi.nlm.nih.gov/geo/series/GSE234nnn/GSE234736/,,,
Targeted ileal transcriptomic analysis in paediatric IBDs.,Homo sapiens,Expression profiling by high throughput sequencing,GPL18573 96 Samples,96,"GSE153974	ID: 200153974","GEO (XLS, XLSX) ftp://ftp.ncbi.nlm.nih.gov/geo/series/GSE153nnn/GSE153974/",,,
RNA profiles in serum and urine extracellular vesicles of patients with cholangiocarcinoma mimicking tumor expression: novel liquid biopsy approach,Homo sapiens,Expression profiling by array,GPL14951 96 Samples,96,"GSE144521	ID: 200144521",GEO (TXT) ftp://ftp.ncbi.nlm.nih.gov/geo/series/GSE144nnn/GSE144521/,,,
Structural Remodeling of the Human Colonic Mesenchyme in Inflammatory Bowel Disease [1],Homo sapiens,Expression profiling by high throughput sequencing,GPL16791 96 Samples,96,"GSE95435	ID: 200095435",GEO (TXT) ftp://ftp.ncbi.nlm.nih.gov/geo/series/GSE95nnn/GSE95435/,,,
Transcriptomic landscape of lncRNAs in Inflammatory Bowel Disease,Homo sapiens,Non-coding RNA profiling by array,GPL19920 96 Samples,96,"GSE67106	ID: 200067106",GEO (TXT) ftp://ftp.ncbi.nlm.nih.gov/geo/series/GSE67nnn/GSE67106/,,,
MiRNA Profiling of Colonic Epithelial Cell Populations by Next Generation Sequencing,Homo sapiens,Non-coding RNA profiling by high throughput sequencing,GPL20301 94 Samples,94,"GSE185101	ID: 200185101","GEO (TSV, TXT) ftp://ftp.ncbi.nlm.nih.gov/geo/series/GSE185nnn/GSE185101/",,,
The transcription start site and enhancer landscape of the descending colon in inflammatory bowel disease,Homo sapiens,Expression profiling by high throughput sequencing,GPL11154 94 Samples,94,"GSE95437	ID: 200095437",GEO (BED) ftp://ftp.ncbi.nlm.nih.gov/geo/series/GSE95nnn/GSE95437/,,,
Prediction of Golimumab Response in the PROgECT Phase 2a Open-Label Trial of Patients With Ulcerative Colitis,Homo sapiens,Expression profiling by array,GPL570 84 Samples,84,"GSE212849	ID: 200212849",GEO (CEL) ftp://ftp.ncbi.nlm.nih.gov/geo/series/GSE212nnn/GSE212849/,,Treatment - Golimumab,
PGLYRP-1 mediated intracellular peptidoglycan detection promotes mucosal protection,Homo sapiens; Mus musculus,Expression profiling by high throughput sequencing,GPL18573 GPL19057 82 Samples,82,"GSE279626	ID: 200279626",GEO (TSV) ftp://ftp.ncbi.nlm.nih.gov/geo/series/GSE279nnn/GSE279626/,,,
Allele-Specific Methylation Occurs at Genetic Variants Associated with Complex Disease,Homo sapiens,Methylation profiling by high throughput sequencing,GPL9186 82 Samples,82,"GSE56298	ID: 200056298",GEO (TAB) ftp://ftp.ncbi.nlm.nih.gov/geo/series/GSE56nnn/GSE56298/,,,
SARS-COV2 in intestinal organoids,Homo sapiens,Expression profiling by high throughput sequencing,GPL24676 81 Samples,81,"GSE208684	ID: 200208684",GEO (CSV) ftp://ftp.ncbi.nlm.nih.gov/geo/series/GSE208nnn/GSE208684/,,,
In-depth transcriptomic analyses investigating molecular mechanisms underlying diabetic retinopathy (smallRNA),Homo sapiens,Non-coding RNA profiling by high throughput sequencing,GPL20301 79 Samples,79,"GSE160308	ID: 200160308",GEO (TXT) ftp://ftp.ncbi.nlm.nih.gov/geo/series/GSE160nnn/GSE160308/,,,
In-depth transcriptomic analyses investigating molecular mechanisms underlying diabetic retinopathy (totalRNA),Homo sapiens,Expression profiling by high throughput sequencing,GPL20301 79 Samples,79,"GSE160306	ID: 200160306",GEO (TXT) ftp://ftp.ncbi.nlm.nih.gov/geo/series/GSE160nnn/GSE160306/,,,
p53 In Inflamatory Stress Response,Homo sapiens,Expression profiling by array,GPL1528 79 Samples,79,"GSE3176	ID: 200003176",GEO ftp://ftp.ncbi.nlm.nih.gov/geo/series/GSE3nnn/GSE3176/,,,
Transcriptomic profiling of collagenous colitis identifies hallmarks of non-destructive inflammatory bowel disease,Homo sapiens,Expression profiling by high throughput sequencing,GPL20301 78 Samples,78,"GSE159010	ID: 200159010",GEO (TXT) ftp://ftp.ncbi.nlm.nih.gov/geo/series/GSE159nnn/GSE159010/,,,
Ileal pouch transcriptomics reveal shared pathogenesis between pouchitis and ulcerative colitis,Homo sapiens,Expression profiling by high throughput sequencing,GPL16791 77 Samples,77,"GSE81266	ID: 200081266",GEO (TXT) ftp://ftp.ncbi.nlm.nih.gov/geo/series/GSE81nnn/GSE81266/,,,
MiRNA Profiling of Colon Tissue by Next Generation Sequencing,Homo sapiens,Non-coding RNA profiling by high throughput sequencing,GPL20301 76 Samples,76,"GSE185102	ID: 200185102","GEO (TSV, TXT) ftp://ftp.ncbi.nlm.nih.gov/geo/series/GSE185nnn/GSE185102/",,,
A systems biology approach identifies ANP32E and other biomarkers of glucocorticoid refractoriness in ulcerative colitis,Homo sapiens,Expression profiling by high throughput sequencing; Non-coding RNA profiling by high throughput sequencing,GPL15456 GPL14951 76 Samples,76,"GSE114603	ID: 200114603",GEO ftp://ftp.ncbi.nlm.nih.gov/geo/series/GSE114nnn/GSE114603/,,,
Gene expression of baseline biopsies from etrolizumab-treated ulcerative colitis (UC) patients,Homo sapiens,Expression profiling by high throughput sequencing,GPL11154 73 Samples,73,"GSE72819	ID: 200072819",GEO (TAB) ftp://ftp.ncbi.nlm.nih.gov/geo/series/GSE72nnn/GSE72819/,,,
DNA methylation in Crohns' disease and ulcerative colitis,Homo sapiens,Methylation profiling by genome tiling array,GPL13534 73 Samples,73,"GSE32149	ID: 200032149",GEO ftp://ftp.ncbi.nlm.nih.gov/geo/series/GSE32nnn/GSE32149/,,,
DNA methyltransferase 3A controls intestinal epithelial barrier function and regeneration in the colon,Homo sapiens; Mus musculus,Expression profiling by high throughput sequencing; Methylation profiling by genome tiling array,,72,"GSE210763	ID: 200210763","GEO (IDAT, TXT) ftp://ftp.ncbi.nlm.nih.gov/geo/series/GSE210nnn/GSE210763/",,,
Integrated Analysis Of Biopsies From Inflammatory Bowel Disease Patients Identifies SAA1 As A Link Between Mucosal Microbes With TH17 And TH22 Cells,Homo sapiens,Expression profiling by array,GPL13607 68 Samples,68,"GSE97012	ID: 200097012",GEO (TXT) ftp://ftp.ncbi.nlm.nih.gov/geo/series/GSE97nnn/GSE97012/,,,
Contribution of Stroma to Inflammatory Bowel Disease Progression Revealed in Patient-Derived Human Colon Chips,Homo sapiens,Expression profiling by high throughput sequencing,GPL16791 66 Samples,66,"GSE277964	ID: 200277964",GEO (CSV) ftp://ftp.ncbi.nlm.nih.gov/geo/series/GSE277nnn/GSE277964/,,,
Divergent spatial microdomains drive inflammation and repair in Ulcerative and Immune Checkpoint Therapy Colitis -  whole tissue scRNA-Seq,Homo sapiens,Expression profiling by high throughput sequencing,GPL24676 62 Samples,62,"GSE190564	ID: 200190564",GEO ftp://ftp.ncbi.nlm.nih.gov/geo/series/GSE190nnn/GSE190564/,,,
MicroRNAs Expression in the Ileal Pouch of Patients with Ulcerative Colitis is Robustly Up-Regulated and Correlates with Disease phenotypes,Homo sapiens,Non-coding RNA profiling by high throughput sequencing,GPL16791 61 Samples,61,"GSE84779	ID: 200084779",GEO (XLS) ftp://ftp.ncbi.nlm.nih.gov/geo/series/GSE84nnn/GSE84779/,,,
Colon tissue gene expression associated with vedolizumab treatment effectiveness in ulcerative colitis.,Homo sapiens,Expression profiling by high throughput sequencing,GPL32271 60 Samples,60,"GSE282580	ID: 200282580",GEO (XLS) ftp://ftp.ncbi.nlm.nih.gov/geo/series/GSE282nnn/GSE282580/,,,
"Cell-free DNA comprises an in vivo, genome-wide nucleosome footprint that informs its tissue(s)-of-origin",Homo sapiens,Genome binding/occupancy profiling by high throughput sequencing,GPL11154 60 Samples,60,"GSE71378	ID: 200071378",GEO (BB) ftp://ftp.ncbi.nlm.nih.gov/geo/series/GSE71nnn/GSE71378/,,,
"Transcriptional analysis of left-sided colitis, pancolitis and ulcerative colitis-associated dysplasia",Homo sapiens,Expression profiling by array,GPL570 60 Samples,60,"GSE47908	ID: 200047908",GEO (CEL) ftp://ftp.ncbi.nlm.nih.gov/geo/series/GSE47nnn/GSE47908/,RMA (UC with dysplasia),"HC,LSC,PC,UCD",
Mucosal Single-Cell Profiling of Crohn's-Like Disease of the Pouch Reveals Unique Pathogenesis and Therapeutic Targets,Homo sapiens,Expression profiling by high throughput sequencing; Other,GPL24676 59 Samples,59,"GSE246987	ID: 200246987","GEO (CSV, MTX, TSV, TXT) ftp://ftp.ncbi.nlm.nih.gov/geo/series/GSE246nnn/GSE246987/",,,
Transcriptomic analysis reveals the dynamic changes of immune responses during the development of creeping fat in Crohn's disease,Homo sapiens,Expression profiling by high throughput sequencing,GPL16791 59 Samples,59,"GSE227376	ID: 200227376",GEO (TXT) ftp://ftp.ncbi.nlm.nih.gov/geo/series/GSE227nnn/GSE227376/,,,
"Human colon expression in healthy controls, colon-only CD, ileo-colonic CD, and UC",Homo sapiens,Expression profiling by array,GPL5760 58 Samples,58,"GSE10616	ID: 200010616",GEO (CEL) ftp://ftp.ncbi.nlm.nih.gov/geo/series/GSE10nnn/GSE10616/,,,
Elevation in cell cycle and protein metabolism gene transcription in inactive colonic tissue from Icelandic patients with ulcerative colitis,Homo sapiens,Expression profiling by array,GPL10558 57 Samples,57,"GSE105074	ID: 200105074",GEO (TXT) ftp://ftp.ncbi.nlm.nih.gov/geo/series/GSE105nnn/GSE105074/,,,
Characterization of LncRNA BC012900 among long non-coding RNAs differentially expressed in ulcerative colitis,Homo sapiens,Non-coding RNA profiling by array,GPL20830 57 Samples,57,"GSE72221	ID: 200072221",GEO (TXT) ftp://ftp.ncbi.nlm.nih.gov/geo/series/GSE72nnn/GSE72221/,,,
Bulk RNAseq expression data of colon biopsies from intestinal mucosa of non-IBD controls and patients with Crohn's disease or ulcerative colitis,Homo sapiens,Expression profiling by high throughput sequencing,GPL21290 56 Samples,56,"GSE235236	ID: 200235236",GEO (RESULTS) ftp://ftp.ncbi.nlm.nih.gov/geo/series/GSE235nnn/GSE235236/,,,
Anti-apoptotic genes and non-coding RNAs are potential outcome predictors for ulcerative colitis,Homo sapiens,Expression profiling by high throughput sequencing,GPL16791 56 Samples,56,"GSE169360	ID: 200169360",GEO (TXT) ftp://ftp.ncbi.nlm.nih.gov/geo/series/GSE169nnn/GSE169360/,,,
Molecular patterns in human ulcerative colitis and correlation with response to infliximab,Homo sapiens,Expression profiling by array,GPL15207 56 Samples,56,"GSE51785	ID: 200051785",GEO (CEL) ftp://ftp.ncbi.nlm.nih.gov/geo/series/GSE51nnn/GSE51785/,,,
Genome-wide gene expression analysis of mucosal colonic biopsies and isolated colonocytes...,Homo sapiens,Expression profiling by array,GPL570 56 Samples,56,"GSE13367	ID: 200013367",GEO (CEL) ftp://ftp.ncbi.nlm.nih.gov/geo/series/GSE13nnn/GSE13367/,RMA normalized,"UC inflamed , non-inflamed, control",
Responsiveness to vedolizumab therapy in ulcerative colitis is associated with alterations in immune cell-cell communications,Homo sapiens,Expression profiling by high throughput sequencing,GPL24676 54 Samples,54,"GSE228165	ID: 200228165",GEO (RDS) ftp://ftp.ncbi.nlm.nih.gov/geo/series/GSE228nnn/GSE228165/,,,
EFFECT OF A NOVEL PROBIOTIC PREPARATION ON INDUCTION AND MAINTENANCE OF REMISSION IN ULCERATIVE COLITIS PATIENTS: A DOUBLE-BLIND PLACEBO CONTROLLED TRIAL,Homo sapiens,Expression profiling by array,GPL6244 54 Samples,54,"GSE50594	ID: 200050594",GEO (CEL) ftp://ftp.ncbi.nlm.nih.gov/geo/series/GSE50nnn/GSE50594/,,,
Transcriptome analysis of human colonic organoids infected SARS-CoV-2,Homo sapiens,Expression profiling by high throughput sequencing,GPL24676 53 Samples,53,"GSE179949	ID: 200179949",GEO (TXT) ftp://ftp.ncbi.nlm.nih.gov/geo/series/GSE179nnn/GSE179949/,,,
"Inflammation, adenoma and cancer: objective classification of colon biopsy specimens with gene expression signature",Homo sapiens,Expression profiling by array,GPL570 53 Samples,53,"GSE4183	ID: 200004183",GEO (CEL) ftp://ftp.ncbi.nlm.nih.gov/geo/series/GSE4nnn/GSE4183/,MASS 5.0,"colon_normal, colon_adenoma, colon_CRC, colon_IBD",
The unexpected role of HBx in UC,Homo sapiens,Genome binding/occupancy profiling by high throughput sequencing; Expression profiling by high throughput sequencing,GPL16791 52 Samples,52,"GSE204665	ID: 200204665","GEO (BED, TSV) ftp://ftp.ncbi.nlm.nih.gov/geo/series/GSE204nnn/GSE204665/",,,
Analysis of rectal transcriptome in ulcerative colitis (UC) patients who received tofacitinib,Homo sapiens,Expression profiling by high throughput sequencing,GPL24676 51 Samples,51,"GSE245890	ID: 200245890",GEO (XLSX) ftp://ftp.ncbi.nlm.nih.gov/geo/series/GSE245nnn/GSE245890/,,,
Transcriptomic profiles of biopsy-derived colon epithelial organoids from pediatric patients with ulcerative colitis,Homo sapiens,Expression profiling by high throughput sequencing,GPL24676 48 Samples,48,"GSE276170	ID: 200276170",GEO (TXT) ftp://ftp.ncbi.nlm.nih.gov/geo/series/GSE276nnn/GSE276170/,,,
DNA methyltransferase 3A controls intestinal epithelial barrier function and regeneration in the colon [Array],Homo sapiens; Mus musculus,Methylation profiling by genome tiling array,GPL31950 GPL21145 48 Samples,48,"GSE210721	ID: 200210721",GEO (IDAT) ftp://ftp.ncbi.nlm.nih.gov/geo/series/GSE210nnn/GSE210721/,,,
UC Colon RNAseq subset analysis,Homo sapiens,Expression profiling by high throughput sequencing,GPL18573 48 Samples,48,"GSE107593	ID: 200107593",GEO (TXT) ftp://ftp.ncbi.nlm.nih.gov/geo/series/GSE107nnn/GSE107593/,,,
Mucosal expression profiling in (un)inflamed colon of patients with ulcerative colitis (UC),synthetic construct; Homo sapiens,Expression profiling by array; Non-coding RNA profiling by array,GPL14613 GPL6244 48 Samples,48,"GSE48959	ID: 200048959",GEO (CEL) ftp://ftp.ncbi.nlm.nih.gov/geo/series/GSE48nnn/GSE48959/,,,
DNA methylation in peripheral blood from individuals with Crohns' disease or ulcerative colitis and normal controls,Homo sapiens,Methylation profiling by genome tiling array,GPL13534 48 Samples,48,"GSE32148	ID: 200032148",GEO (TXT) ftp://ftp.ncbi.nlm.nih.gov/geo/series/GSE32nnn/GSE32148/,,,
Plasma induced signatures reveal an extracellular milieu possessing an immunoregulatory bias in treatment naïve inflammatory bowel disease,Homo sapiens,Expression profiling by array,GPL570 47 Samples,47,"GSE71730	ID: 200071730",GEO (CEL) ftp://ftp.ncbi.nlm.nih.gov/geo/series/GSE71nnn/GSE71730/,,Plasma signatures,
"Circulating miR 218-5p, alone or in combination, predicts corticosteroid failure in ulcerative colitis. Study through computational strategies based on Systems Biology.",Homo sapiens,Non-coding RNA profiling by high throughput sequencing,GPL16791 46 Samples,46,"GSE122618	ID: 200122618",GEO (XLSX) ftp://ftp.ncbi.nlm.nih.gov/geo/series/GSE122nnn/GSE122618/,,,
Inflammatory transcriptomic signatures and cell type compositions in inflamed and non-inflamed colonic mucosa of ulcerative colitis,Homo sapiens,Expression profiling by high throughput sequencing,GPL16791 45 Samples,45,"GSE243625	ID: 200243625",GEO (TXT) ftp://ftp.ncbi.nlm.nih.gov/geo/series/GSE243nnn/GSE243625/,,,
Epigenetic inactivation of the autophagy-lysosomal system in the Parkinson’s disease appendix (3: Mice_DSS),Homo sapiens,Methylation profiling by high throughput sequencing,GPL16791 45 Samples,45,"GSE135744	ID: 200135744",GEO (TXT) ftp://ftp.ncbi.nlm.nih.gov/geo/series/GSE135nnn/GSE135744/,,,
miR-193a-3p is a key tumor-suppressor in ulcerative colitis-associated colon cancer and promotes carcinogenesis through regulation of IL17RD.,Homo sapiens,Expression profiling by array; Other,GPL20111 45 Samples,45,"GSE68306	ID: 200068306",GEO (TXT) ftp://ftp.ncbi.nlm.nih.gov/geo/series/GSE68nnn/GSE68306/,,,
Transcriptomic profiling of collagenous colitis identifies hallmarks of non-destructive inflammatory bowel disease [Whole mucosa],Homo sapiens,Expression profiling by high throughput sequencing,GPL20301 44 Samples,44,"GSE159008	ID: 200159008",GEO (TXT) ftp://ftp.ncbi.nlm.nih.gov/geo/series/GSE159nnn/GSE159008/,,,
Transcriptional signatures that define Ulcerative Colitis in remission,Homo sapiens,Expression profiling by high throughput sequencing,GPL21697 44 Samples,44,"GSE128682	ID: 200128682","GEO (TAB, TXT) ftp://ftp.ncbi.nlm.nih.gov/geo/series/GSE128nnn/GSE128682/",,,
Short Noncoding RNAs as predictive biomarkers for the development from Inflammatory Bowel Disease Unclassified to Crohn’s Disease or Ulcerative Colitis,synthetic construct; Homo sapiens,Non-coding RNA profiling by array,GPL19117 43 Samples,43,"GSE228622	ID: 200228622",GEO ftp://ftp.ncbi.nlm.nih.gov/geo/series/GSE228nnn/GSE228622/,,,
"MUCOSAL EXPRESSION OF GENES PI3, ANXA1, AND VDR DESCRIMINATES CROHN’S DISEASE FROM ULCERATIVE COLITIS IN INFLAMMATORY BOWEL DISEASE PATIENTS",Homo sapiens,Expression profiling by high throughput sequencing,GPL23934 43 Samples,43,"GSE222070	ID: 200222070",GEO (CSV) ftp://ftp.ncbi.nlm.nih.gov/geo/series/GSE222nnn/GSE222070/,,,
lncRNA atlas of inflammatory diseases along the GI tract highlights regulatory mitochondrial metabolic epithelial functions of GATA6-AS1,Homo sapiens,Expression profiling by high throughput sequencing; Non-coding RNA profiling by high throughput sequencing,GPL24676 43 Samples,43,"GSE199906	ID: 200199906",GEO (TXT) ftp://ftp.ncbi.nlm.nih.gov/geo/series/GSE199nnn/GSE199906/,,,
Expression data from intestinal mucosa of patients with UC,Homo sapiens,Expression profiling by array,GPL570 43 Samples,43,"GSE38713	ID: 200038713",GEO (CEL) ftp://ftp.ncbi.nlm.nih.gov/geo/series/GSE38nnn/GSE38713/,,inclusion and exclusion of concomitant infection,"43 biopsies were analyzed: 13 healthy controls, 8 inactive UC, 7 non-involved active UC and 15 involved active UC."
Integrated analysis Of Biopsies From Inflammatory Bowel Disease Patients Identifies SAA1 As A Link Between Mucosal Microbes With TH17 And TH22 Cells [diseased subjects],Homo sapiens,Expression profiling by array,GPL13607 41 Samples,41,"GSE96665	ID: 200096665",GEO (TXT) ftp://ftp.ncbi.nlm.nih.gov/geo/series/GSE96nnn/GSE96665/,,,
Differential Gene Expression between Active and Quiescent Stages of Ulcerative Colitis: Insights into a Distinctive Pathogenesis Profile,Homo sapiens,Expression profiling by array,GPL14951 40 Samples,40,"GSE53306	ID: 200053306",GEO (TXT) ftp://ftp.ncbi.nlm.nih.gov/geo/series/GSE53nnn/GSE53306/,,,
Methylation profiling in Ulcerative colitis,Homo sapiens,Methylation profiling by array; Methylation profiling by genome tiling array,GPL13269 GPL8490 40 Samples,40,"GSE27899	ID: 200027899",GEO (TXT) ftp://ftp.ncbi.nlm.nih.gov/geo/series/GSE27nnn/GSE27899/,,,
Gene expression changes associated with resistance to intravenous corticosteroid therapy in children with severe ulcerative colitis,Homo sapiens,Expression profiling by array,GPL6244 40 Samples,40,"GSE21231	ID: 200021231",GEO (CEL) ftp://ftp.ncbi.nlm.nih.gov/geo/series/GSE21nnn/GSE21231/,,,
Identifying new pronostic markers of IBD,Homo sapiens,Expression profiling by high throughput sequencing,GPL20301 39 Samples,39,"GSE174159	ID: 200174159",GEO (TXT) ftp://ftp.ncbi.nlm.nih.gov/geo/series/GSE174nnn/GSE174159/,,,
Tauroursodeoxycholic Acid (TUDCA) Reduces ER Stress and Lessens Disease Activity in Ulcerative Colitis,Homo sapiens,Expression profiling by high throughput sequencing,GPL24676 38 Samples,38,"GSE266963	ID: 200266963",GEO (TXT) ftp://ftp.ncbi.nlm.nih.gov/geo/series/GSE266nnn/GSE266963/,,,
A systems biology approach identifies ANP32E and other biomarkers of glucocorticoid refractoriness in ulcerative colitis [miRNA-Seq],Homo sapiens,Non-coding RNA profiling by high throughput sequencing,GPL15456 38 Samples,38,"GSE114591	ID: 200114591",GEO (TSV) ftp://ftp.ncbi.nlm.nih.gov/geo/series/GSE114nnn/GSE114591/,,,
A systems biology approach identifies ANP32E and other biomarkers of glucocorticoid refractoriness in ulcerative colitis [microarray],Homo sapiens,Expression profiling by array,GPL14951 38 Samples,38,"GSE114527	ID: 200114527",GEO (TXT) ftp://ftp.ncbi.nlm.nih.gov/geo/series/GSE114nnn/GSE114527/,,,
"Gene expression patterns of biopsies from colonoscopies taken in 2007, 2008, and 2009 of an ulcerative colitis patient infected with Trichuris trichiura",Homo sapiens,Expression profiling by array,GPL5621 38 Samples,38,"GSE25510	ID: 200025510",GEO (GPR) ftp://ftp.ncbi.nlm.nih.gov/geo/series/GSE25nnn/GSE25510/,,,
Novel MicroRNA Signature to Differentiate Ulcerative Colitis from Crohn Disease: A Genome-Wide Study Using Next Generation Sequencing,Homo sapiens,Non-coding RNA profiling by high throughput sequencing,GPL16791 37 Samples,37,"GSE89667	ID: 200089667",GEO (XLS) ftp://ftp.ncbi.nlm.nih.gov/geo/series/GSE89nnn/GSE89667/,,,
Colonic mucosal injury responses,Homo sapiens,Expression profiling by high throughput sequencing,GPL24676 36 Samples,36,"GSE164918	ID: 200164918",GEO (TXT) ftp://ftp.ncbi.nlm.nih.gov/geo/series/GSE164nnn/GSE164918/,,,
Patient derived colonoids as drug testing platforms - critical importance of oxygen concentration,Homo sapiens,Expression profiling by high throughput sequencing,GPL20301 36 Samples,36,"GSE172404	ID: 200172404",GEO (SF) ftp://ftp.ncbi.nlm.nih.gov/geo/series/GSE172nnn/GSE172404/,,,
Expression data of epithelial organoid cultures generated from intestinal mucosa of non-IBD controls and patients with ulcerative colitis,Homo sapiens,Expression profiling by array,GPL20650 36 Samples,36,"GSE75916	ID: 200075916",GEO (CEL) ftp://ftp.ncbi.nlm.nih.gov/geo/series/GSE75nnn/GSE75916/,,,
HSPA6 is an ulcerative colitis susceptibility factor that is induced by cigarette smoke and protects intestinal epithelial cells by stabilizing anti-apoptotic Bcl-XL,Homo sapiens,Expression profiling by array,GPL10558 36 Samples,36,"GSE72163	ID: 200072163",GEO (TXT) ftp://ftp.ncbi.nlm.nih.gov/geo/series/GSE72nnn/GSE72163/,,,
Pouch transcriptional differences between UC and FAP indicate altered immune response.,Homo sapiens,Expression profiling by array,GPL10558 36 Samples,36,"GSE50788	ID: 200050788",GEO (TXT) ftp://ftp.ncbi.nlm.nih.gov/geo/series/GSE50nnn/GSE50788/,,,
Genome-wide gene expression differences between Crohn’s and ulcerative colitis from endoscopic pinch biopsies: ,Homo sapiens,Expression profiling by array,GPL8300 36 Samples,36,"GSE6731	ID: 200006731","GEO (CEL, EXP) ftp://ftp.ncbi.nlm.nih.gov/geo/series/GSE6nnn/GSE6731/",,,
Genome-wide analysis of Crohn's disease and ulcerative colitis biopsy samples.,Homo sapiens,Expression profiling by array,GPL570 35 Samples,35,"GSE36807	ID: 200036807",GEO (CEL) ftp://ftp.ncbi.nlm.nih.gov/geo/series/GSE36nnn/GSE36807/,RMA method,"CD,UC,HC",
Transcriptomic profiling of collagenous colitis identifies hallmarks of non-destructive inflammatory bowel disease [Microdissected IEC],Homo sapiens,Expression profiling by high throughput sequencing,GPL20301 34 Samples,34,"GSE159007	ID: 200159007",GEO (TXT) ftp://ftp.ncbi.nlm.nih.gov/geo/series/GSE159nnn/GSE159007/,,,
In vivo gene expression profile of human intestinal epithelial cells: from the viewpoint of drug metabolism and pharmacokinetics,Homo sapiens,Expression profiling by high throughput sequencing,GPL20301 33 Samples,33,"GSE156453	ID: 200156453",GEO (XLSX) ftp://ftp.ncbi.nlm.nih.gov/geo/series/GSE156nnn/GSE156453/,,,
"Human colon expression in healthy, CD, treated CD, and UC",Homo sapiens,Expression profiling by array,GPL5760 33 Samples,33,"GSE9686	ID: 200009686",GEO (CEL) ftp://ftp.ncbi.nlm.nih.gov/geo/series/GSE9nnn/GSE9686/,,,
Gene and miRNA expression data from a cohort of Chilean Ulcerative Colitis human intestinal samples,Homo sapiens; synthetic construct,Non-coding RNA profiling by array; Expression profiling by array,GPL4133 GPL19117 32 Samples,32,"GSE133061	ID: 200133061","GEO (CEL, CHP, TXT) ftp://ftp.ncbi.nlm.nih.gov/geo/series/GSE133nnn/GSE133061/",,,
Expression profiling in inflammatory bowel disease,Homo sapiens,Expression profiling by array,GPL284 31 Samples,31,"GSE1710	ID: 200001710",GEO ftp://ftp.ncbi.nlm.nih.gov/geo/series/GSE1nnn/GSE1710/,,,
Inflammatory Bowel Disease-specific alterations in adipose-derived stroma cell transcriptional profiles,Homo sapiens,Expression profiling by array,GPL16956 30 Samples,30,"GSE102524	ID: 200102524","GEO (TXT, XLS) ftp://ftp.ncbi.nlm.nih.gov/geo/series/GSE102nnn/GSE102524/",,,
Gene expression signature and mitochondrial DNA copy number variation in ulcerative colitis patients,Homo sapiens,Expression profiling by array,GPL570 30 Samples,30,"GSE74265	ID: 200074265",GEO (CEL) ftp://ftp.ncbi.nlm.nih.gov/geo/series/GSE74nnn/GSE74265/,,30 UC samples,mtDNA-Low and mtDNA-High
Mucosal gene signatures to predict response to infliximab in patients with ulcerative colitis,Homo sapiens,Expression profiling by array,GPL570 30 Samples,30,"GSE14580	ID: 200014580",GEO (CEL) ftp://ftp.ncbi.nlm.nih.gov/geo/series/GSE14nnn/GSE14580/,,Treatment - infliximab,
Dynamics and single-cell transcriptomics of circulating immune cell populations in inflammatory bowel disease upon anti-integrin treatment,Homo sapiens,Expression profiling by high throughput sequencing,GPL24676 29 Samples,29,"GSE261334	ID: 200261334","GEO (CSV, H5, TSV) ftp://ftp.ncbi.nlm.nih.gov/geo/series/GSE261nnn/GSE261334/",,,
Gene expression of microdissected colon epithelium,Homo sapiens,Expression profiling by high throughput sequencing,GPL16791 29 Samples,29,"GSE179128	ID: 200179128",GEO (TXT) ftp://ftp.ncbi.nlm.nih.gov/geo/series/GSE179nnn/GSE179128/,,,
Stem-like T cells are associated with the pathogenesis of ulcerative colitis in humans,Homo sapiens; Mus musculus,Expression profiling by high throughput sequencing,GPL34328 GPL24247 GPL24676 28 Samples,28,"GSE235665	ID: 200235665",GEO ftp://ftp.ncbi.nlm.nih.gov/geo/series/GSE235nnn/GSE235665/,,,
Tissue-specific reprogramming leads to angiogenic neutrophil specialization and tumor vascularization in colorectal cancer,Mus musculus; Homo sapiens,Expression profiling by high throughput sequencing,GPL20301 GPL21103 28 Samples,28,"GSE232217	ID: 200232217",GEO (TXT) ftp://ftp.ncbi.nlm.nih.gov/geo/series/GSE232nnn/GSE232217/,,,
Intestinal macrophage mRNA sequencing of patients with colonic inflammatory bowel disease and a cohort of healthy controls,Homo sapiens,Expression profiling by high throughput sequencing,GPL16791 28 Samples,28,"GSE123141	ID: 200123141",GEO (TXT) ftp://ftp.ncbi.nlm.nih.gov/geo/series/GSE123nnn/GSE123141/,,,
Expression data from colonic mucosal biopsies from healthy controls and patients with active ulcerative colitis,Homo sapiens,Expression profiling by array,GPL16686 28 Samples,28,"GSE65114	ID: 200065114","GEO (CEL, CHP) ftp://ftp.ncbi.nlm.nih.gov/geo/series/GSE65nnn/GSE65114/",,,
Mucosal miRNA expression profiling in (un)inflamed colon of patients with ulcerative colitis (UC),synthetic construct; Homo sapiens,Non-coding RNA profiling by array,GPL14613 27 Samples,27,"GSE48957	ID: 200048957",GEO (CEL) ftp://ftp.ncbi.nlm.nih.gov/geo/series/GSE48nnn/GSE48957/,,,
Defective Integrator activity shapes the transcriptome of patients with multiple sclerosis: patient data,Homo sapiens,Expression profiling by high throughput sequencing,GPL24676 26 Samples,26,"GSE249613	ID: 200249613","GEO (BW, TXT) ftp://ftp.ncbi.nlm.nih.gov/geo/series/GSE249nnn/GSE249613/",,,
Physiomimetic model of the human Gut-Liver axis for studies of inflammatory diseases,Homo sapiens,Expression profiling by high throughput sequencing,GPL11154 26 Samples,26,"GSE135428	ID: 200135428",GEO (TXT) ftp://ftp.ncbi.nlm.nih.gov/geo/series/GSE135nnn/GSE135428/,,,
Transcriptional Survey of Ileal-Anal Pouch Immune Cells from Ulcerative Colitis,Homo sapiens,Expression profiling by high throughput sequencing,GPL20301 26 Samples,26,"GSE162335	ID: 200162335","GEO (MTX, TSV, TXT) ftp://ftp.ncbi.nlm.nih.gov/geo/series/GSE162nnn/GSE162335/",,,
Elevated colonic mucin expression correlates with extended time to surgery for ulcerative colitis patients,Homo sapiens,Expression profiling by high throughput sequencing,GPL16791 26 Samples,26,"GSE130038	ID: 200130038",GEO (XLSX) ftp://ftp.ncbi.nlm.nih.gov/geo/series/GSE130nnn/GSE130038/,,,
Definition of an ulcerative colitis preinflammatory state,Homo sapiens,Expression profiling by array,GPL570 26 Samples,26,"GSE9452	ID: 200009452",GEO (CEL) ftp://ftp.ncbi.nlm.nih.gov/geo/series/GSE9nnn/GSE9452/,RMA,"UC,qUC,HC",
DNA methylation in a discovery cohort of colon mucosa samples from individuals with Crohns' disease or ulcerative colitis and normal controls,Homo sapiens,Methylation profiling by genome tiling array,GPL13534 25 Samples,25,"GSE32146	ID: 200032146",GEO (TXT) ftp://ftp.ncbi.nlm.nih.gov/geo/series/GSE32nnn/GSE32146/,,,
Divergent spatial microdomains drive inflammation and repair in Ulcerative and Immune Checkpoint Therapy Colitis - CD3 scRNA-Seq,Homo sapiens,Expression profiling by high throughput sequencing; Other,GPL24676 GPL18573 24 Samples,24,"GSE189040	ID: 200189040",GEO (ZIP) ftp://ftp.ncbi.nlm.nih.gov/geo/series/GSE189nnn/GSE189040/,,,
Multiomic analysis reveals cellular and epigenetic plasticity in intestinal pouches of ulcerative colitis patients,Homo sapiens,Expression profiling by high throughput sequencing; Genome binding/occupancy profiling by high throughput sequencing,GPL24676 24 Samples,24,"GSE242087	ID: 200242087","GEO (MTX, TBI, TSV) ftp://ftp.ncbi.nlm.nih.gov/geo/series/GSE242nnn/GSE242087/",,,
Differential effects of tofacitinib on macrophage activation contribute to lack of response in ulcerative colitis patients,Homo sapiens,Expression profiling by high throughput sequencing,GPL18573 23 Samples,23,"GSE253006	ID: 200253006","GEO (MTX, TSV) ftp://ftp.ncbi.nlm.nih.gov/geo/series/GSE253nnn/GSE253006/",,,
Global gene expression profiles of freshly isolated control and treatment naive pediatric IBD colonic biopsies,Homo sapiens,Expression profiling by high throughput sequencing,GPL24676 23 Samples,23,"GSE266325	ID: 200266325",GEO (TXT) ftp://ftp.ncbi.nlm.nih.gov/geo/series/GSE266nnn/GSE266325/,,,
Digital Spatial Profiling Reveals Functional Shift of Enterochromaffin Cell in Patients with Ulcerative Colitis,Homo sapiens,Expression profiling by high throughput sequencing; Other,GPL24676 23 Samples,23,"GSE183853	ID: 200183853",GEO (CSV) ftp://ftp.ncbi.nlm.nih.gov/geo/series/GSE183nnn/GSE183853/,,,
"The genomic landscape of colitis-associated colorectal carcinomas is dominated by TP53 mutations, aneuploidy and gains of chromosome arm 5p",Homo sapiens,Genome variation profiling by genome tiling array,GPL10123 23 Samples,23,"GSE156076	ID: 200156076",GEO (TXT) ftp://ftp.ncbi.nlm.nih.gov/geo/series/GSE156nnn/GSE156076/,,,
DNA methylation in a validation cohort of colon mucosa samples from individuals with Crohns' disease or ulcerative colitis and normal controls,Homo sapiens,Methylation profiling by genome tiling array,GPL13534 23 Samples,23,"GSE42921	ID: 200042921",GEO (TXT) ftp://ftp.ncbi.nlm.nih.gov/geo/series/GSE42nnn/GSE42921/,,,
A Predictive Response Signature to Infliximab Treatment in Ulcerative Colitis,Homo sapiens,Expression profiling by array,GPL570 23 Samples,23,"GSE12251	ID: 200012251",GEO (CEL) ftp://ftp.ncbi.nlm.nih.gov/geo/series/GSE12nnn/GSE12251/,,Treatment - Infliximab,
Human colon expression in healthy controls and UC,Homo sapiens,Expression profiling by array,GPL5760 23 Samples,23,"GSE10191	ID: 200010191",GEO (CEL) ftp://ftp.ncbi.nlm.nih.gov/geo/series/GSE10nnn/GSE10191/,,,
Single-cell analysis reveals clonal expansions of pro-inflammatory tissue-resident memory Th17 cells in Crohn's disease,Homo sapiens,Expression profiling by high throughput sequencing,GPL24676 22 Samples,22,"GSE247264	ID: 200247264","GEO (MTX, TSV) ftp://ftp.ncbi.nlm.nih.gov/geo/series/GSE247nnn/GSE247264/",,,
Gene expression profiling of colon biopsies from ulcerative colitis patients and healthy volunteers,Homo sapiens,Expression profiling by high throughput sequencing,GPL16791 22 Samples,22,"GSE224758	ID: 200224758",GEO (CSV) ftp://ftp.ncbi.nlm.nih.gov/geo/series/GSE224nnn/GSE224758/,,,
Transcriptomic profiling of lymphocytic colitis highlights distinct diarrhoeal pathomechanisms,Homo sapiens,Expression profiling by high throughput sequencing,GPL24676 22 Samples,22,"GSE245764	ID: 200245764",GEO (TXT) ftp://ftp.ncbi.nlm.nih.gov/geo/series/GSE245nnn/GSE245764/,,,
miRNA expression in human colitis-associated dysplasia,Homo sapiens,Non-coding RNA profiling by array,GPL32502 22 Samples,22,"GSE209581	ID: 200209581",GEO (RCC) ftp://ftp.ncbi.nlm.nih.gov/geo/series/GSE209nnn/GSE209581/,,,
Macrophages in Crohn’s disease creeping fat are predominantly inflammatory and produce calprotectin,Homo sapiens,Expression profiling by array,GPL24324 22 Samples,22,"GSE148233	ID: 200148233",GEO (CEL) ftp://ftp.ncbi.nlm.nih.gov/geo/series/GSE148nnn/GSE148233/,,,
Transcriptomics analysis of mesenteric adipose tissue from Crohn's disease patients and healthy controls,Homo sapiens,Expression profiling by high throughput sequencing,GPL18573 GPL24676 22 Samples,22,"GSE157026	ID: 200157026","GEO (MTX, TSV, TXT) ftp://ftp.ncbi.nlm.nih.gov/geo/series/GSE157nnn/GSE157026/",,,
Transcriptomic analysis and high dimensional phenotypic mapping of mononuclear phagocytes in mesenteric lymph nodes reveal differences between ulcerative colitis and Crohn’s disease,Homo sapiens,Expression profiling by high throughput sequencing,GPL18573 22 Samples,22,"GSE138364	ID: 200138364",GEO (TXT) ftp://ftp.ncbi.nlm.nih.gov/geo/series/GSE138nnn/GSE138364/,,,
Mucosal gene expression profiling in (un)inflamed colon of patients with ulcerative colitis (UC),Homo sapiens,Expression profiling by array,GPL6244 21 Samples,21,"GSE48958	ID: 200048958",GEO (CEL) ftp://ftp.ncbi.nlm.nih.gov/geo/series/GSE48nnn/GSE48958/,,,
Study of the Role of Pomegranate Juice Ellagitannins in the Modulation of Inflammation in Inflammatory Bowel Disease,Homo sapiens,Expression profiling by array,GPL21185 20 Samples,20,"GSE242140	ID: 200242140",GEO (TXT) ftp://ftp.ncbi.nlm.nih.gov/geo/series/GSE242nnn/GSE242140/,,,
Identification of VDR target genes in intestinal epithelial cells,Homo sapiens,Expression profiling by high throughput sequencing; Genome binding/occupancy profiling by high throughput sequencing,GPL18573 20 Samples,20,"GSE206228	ID: 200206228","GEO (BW, TXT) ftp://ftp.ncbi.nlm.nih.gov/geo/series/GSE206nnn/GSE206228/",,,
RNA-Sequencing of epithelium and colonoids from patients with pediatric inflammatory bowel disease,Homo sapiens,Expression profiling by high throughput sequencing,GPL20301 20 Samples,20,"GSE135170	ID: 200135170",GEO (TXT) ftp://ftp.ncbi.nlm.nih.gov/geo/series/GSE135nnn/GSE135170/,,,
Single-cell profiling reveals Colonic CD8 Topography in IBD,Homo sapiens,Expression profiling by high throughput sequencing,GPL20301 GPL15520 GPL24676 20 Samples,20,"GSE148837	ID: 200148837","GEO (CSV, TAR) ftp://ftp.ncbi.nlm.nih.gov/geo/series/GSE148nnn/GSE148837/",,,
Transcriptome-analysis of patient-derived normal and ulcerative colitis intestinal epithelial organoids,Homo sapiens,Expression profiling by high throughput sequencing,GPL16791 20 Samples,20,"GSE102746	ID: 200102746",GEO (TXT) ftp://ftp.ncbi.nlm.nih.gov/geo/series/GSE102nnn/GSE102746/,,,
Gene Expression Changes in Non-Dysplastic Mucosa from Patients with Ulcerative Colitis Harboring Remote Neoplastic Lesions,Homo sapiens,Expression profiling by array,GPL13158 20 Samples,20,"GSE37283	ID: 200037283",GEO (CEL) ftp://ftp.ncbi.nlm.nih.gov/geo/series/GSE37nnn/GSE37283/,,,
"Genome wide expression data from discordant twins (ulcerative colitis, primary mucosal tissue)",Homo sapiens,Expression profiling by array,GPL570 20 Samples,20,"GSE22619	ID: 200022619",GEO (CEL) ftp://ftp.ncbi.nlm.nih.gov/geo/series/GSE22nnn/GSE22619/,, discordant twins,
Gene expression profiling of mucosal biopsies from pediatric patients with moderately to severely active ulcerative colitis,Homo sapiens,Expression profiling by array,GPL13158 19 Samples,19,"GSE87465	ID: 200087465",GEO (CEL) ftp://ftp.ncbi.nlm.nih.gov/geo/series/GSE87nnn/GSE87465/,,,
A long noncoding RNA signature in Ulcerative Colitis,Homo sapiens,Non-coding RNA profiling by array,GPL16956 19 Samples,19,"GSE77013	ID: 200077013",GEO (TXT) ftp://ftp.ncbi.nlm.nih.gov/geo/series/GSE77nnn/GSE77013/,,,
Stem-like T cells are associated with the pathogenesis of ulcerative colitis in humans [scRNAseq_Human],Homo sapiens,Expression profiling by high throughput sequencing,GPL24676 18 Samples,18,"GSE235663	ID: 200235663","GEO (CSV, TXT) ftp://ftp.ncbi.nlm.nih.gov/geo/series/GSE235nnn/GSE235663/",,,
IBD single cell data from colonic mucosa,Homo sapiens,Expression profiling by high throughput sequencing,GPL18573 18 Samples,18,"GSE214695	ID: 200214695","GEO (CSV, MTX, TSV) ftp://ftp.ncbi.nlm.nih.gov/geo/series/GSE214nnn/GSE214695/",,,
Human macrophage responses to viral-like particles from non-IBD or IBD colonic resections,Homo sapiens,Expression profiling by high throughput sequencing,GPL24676 18 Samples,18,"GSE135223	ID: 200135223",GEO (TXT) ftp://ftp.ncbi.nlm.nih.gov/geo/series/GSE135nnn/GSE135223/,,,
Cyclin-dependent kinase 9 is a therapeutic target for anti-TNF resistant inflammatory bowel disease,Homo sapiens,Expression profiling by high throughput sequencing,GPL21290 17 Samples,17,"GSE172372	ID: 200172372",GEO (TXT) ftp://ftp.ncbi.nlm.nih.gov/geo/series/GSE172nnn/GSE172372/,,,
Divergent spatial microdomains drive inflammation and repair in Ulcerative and Immune Checkpoint Therapy Colitis - Spatial Transcriptomics,Homo sapiens,Expression profiling by high throughput sequencing; Other,GPL18573 16 Samples,16,"GSE189184	ID: 200189184",GEO (ZIP) ftp://ftp.ncbi.nlm.nih.gov/geo/series/GSE189nnn/GSE189184/,,,
"Genome-wide analysis of colorectal cancer gene expression by using primary tumors, normal colon and lymph nodes",Homo sapiens,Expression profiling by array,GPL6104 16 Samples,16,"GSE141174	ID: 200141174",GEO (TXT) ftp://ftp.ncbi.nlm.nih.gov/geo/series/GSE141nnn/GSE141174/,,,
Gene expression data of human normal colon organoids stimulated by IL-17A,Homo sapiens,Expression profiling by array,GPL15207 16 Samples,16,"GSE127757	ID: 200127757",GEO (CEL) ftp://ftp.ncbi.nlm.nih.gov/geo/series/GSE127nnn/GSE127757/,,,
Gene expression data from a cohort of Chilean Ulcerative Colitis human intestinal samples,Homo sapiens,Expression profiling by array,GPL4133 16 Samples,16,"GSE133060	ID: 200133060",GEO (TXT) ftp://ftp.ncbi.nlm.nih.gov/geo/series/GSE133nnn/GSE133060/,,,
miRNA expression data from a cohort of Chilean Ulcerative Colitis human intestinal samples,synthetic construct; Homo sapiens,Non-coding RNA profiling by array,GPL19117 16 Samples,16,"GSE133059	ID: 200133059","GEO (CEL, CHP) ftp://ftp.ncbi.nlm.nih.gov/geo/series/GSE133nnn/GSE133059/",,,
RNA-sequencing of mRNAs from control and CAP-D3 deficient Salmonella infected HT-29 cells,Homo sapiens,Expression profiling by high throughput sequencing,GPL16791 16 Samples,16,"GSE62520	ID: 200062520",GEO (XLS) ftp://ftp.ncbi.nlm.nih.gov/geo/series/GSE62nnn/GSE62520/,,,
Divergent spatial microdomains drive inflammation and repair in Ulcerative and Immune Checkpoint Therapy Colitis - CD45 scRNA-Seq,Homo sapiens,Expression profiling by high throughput sequencing,GPL24676 GPL18573 15 Samples,15,"GSE189754	ID: 200189754",GEO ftp://ftp.ncbi.nlm.nih.gov/geo/series/GSE189nnn/GSE189754/,,,
"Transcriptome Profiling of Intact Bowel Wall Reveals that PDE1A and SEMA3D are Possible Markers with Roles in Enteric Smooth Muscle Apoptosis, Proliferative Disorders, and Autonomic Nervous Abnormality in Crohn's Disease.",Homo sapiens,Expression profiling by high throughput sequencing,GPL20795 15 Samples,15,"GSE227747	ID: 200227747",GEO (TXT) ftp://ftp.ncbi.nlm.nih.gov/geo/series/GSE227nnn/GSE227747/,,,
Hsa_circ_0001021 regulates intestinal epithelial barrier function via sponging miR-224-5p in ulcerative colitis,Homo sapiens,Expression profiling by array; Non-coding RNA profiling by array,GPL30304 15 Samples,15,"GSE178753	ID: 200178753",GEO (TXT) ftp://ftp.ncbi.nlm.nih.gov/geo/series/GSE178nnn/GSE178753/,,,
Allele-specific DNA methylation of disease susceptibility genes in Japanese patients with inflammatory bowel disease,Homo sapiens,Methylation profiling by SNP array,GPL22697 15 Samples,15,"GSE110534	ID: 200110534",GEO (CEL) ftp://ftp.ncbi.nlm.nih.gov/geo/series/GSE110nnn/GSE110534/,,,
Expression of long non-coding RNAs in autoimmunity and linkage to enhancer function and autoimmune disease risk genetic variants,Homo sapiens,Expression profiling by high throughput sequencing,GPL21290 15 Samples,15,"GSE92472	ID: 200092472",GEO ftp://ftp.ncbi.nlm.nih.gov/geo/series/GSE92nnn/GSE92472/,,,
Effect of ferrostatin-1 and liproxstatin-1 during TNF-induced HT-29 cells apoptosis,Homo sapiens,Expression profiling by high throughput sequencing,GPL24676 14 Samples,14,"GSE248867	ID: 200248867",GEO (TXT) ftp://ftp.ncbi.nlm.nih.gov/geo/series/GSE248nnn/GSE248867/,,,
RNA sequencing of sort-purified ILC3s from IBD patients,Homo sapiens,Expression profiling by high throughput sequencing,GPL20301 14 Samples,14,"GSE247742	ID: 200247742",GEO (TXT) ftp://ftp.ncbi.nlm.nih.gov/geo/series/GSE247nnn/GSE247742/,,,
Single-cell and spatial multi-omics highlight effects of anti-integrin therapy across cellular compartments in ulcerative colitis,Homo sapiens,Expression profiling by high throughput sequencing; Other,GPL24676 14 Samples,14,"GSE250498	ID: 200250498","GEO (MTX, TSV, TXT) ftp://ftp.ncbi.nlm.nih.gov/geo/series/GSE250nnn/GSE250498/",,,
Evaluation of Integrin aE-positive and negative cells,Homo sapiens,Expression profiling by high throughput sequencing,GPL20301 14 Samples,14,"GSE152320	ID: 200152320",GEO (TSV) ftp://ftp.ncbi.nlm.nih.gov/geo/series/GSE152nnn/GSE152320/,,,
Translocation of Viable Gut Microbiota to Mesenteric Adipose Drives Formation of Creeping Fat in Humans,Homo sapiens,Expression profiling by high throughput sequencing,GPL18573 14 Samples,14,"GSE156776	ID: 200156776","GEO (MTX, TSV, TXT) ftp://ftp.ncbi.nlm.nih.gov/geo/series/GSE156nnn/GSE156776/",,,
Genome-wide transcriptional profiles of biopsies from the MUCUS trial,Homo sapiens,Expression profiling by array,GPL16699 14 Samples,14,"GSE96698	ID: 200096698",GEO (TXT) ftp://ftp.ncbi.nlm.nih.gov/geo/series/GSE96nnn/GSE96698/,,,
Gene expression patterns of biopsies from a colonoscopy taken in 2007 of an ulcerative colitis patient infected with Trichuris trichiura,Homo sapiens,Expression profiling by array,GPL5621 14 Samples,14,"GSE25275	ID: 200025275",GEO (GPR) ftp://ftp.ncbi.nlm.nih.gov/geo/series/GSE25nnn/GSE25275/,,,
Gene expression at single cell level of stromal cells from the distal colon of normal sites of colorectal cancer and inflamed sites of ulcerative colitis.,Homo sapiens,Expression profiling by high throughput sequencing,GPL28038 13 Samples,13,"GSE296969	ID: 200296969",GEO (TAR) ftp://ftp.ncbi.nlm.nih.gov/geo/series/GSE296nnn/GSE296969/,,,
Host-microbiome response to hyperbaric oxygen treatment in ulcerative colitis,Homo sapiens,Expression profiling by high throughput sequencing,GPL16791 13 Samples,13,"GSE152229	ID: 200152229",GEO (BW) ftp://ftp.ncbi.nlm.nih.gov/geo/series/GSE152nnn/GSE152229/,,,
Mucosal Profiling of Pediatric-Onset Colitis and IBD Reveals Common Pathogenics and Therapeutic Pathways,Homo sapiens,Expression profiling by high throughput sequencing,GPL20795 13 Samples,13,"GSE121380	ID: 200121380",GEO (TXT) ftp://ftp.ncbi.nlm.nih.gov/geo/series/GSE121nnn/GSE121380/,,,
"RNA-Seq: The transcriptional response to 1,25(OH)2D3 in human colonic organoids",Homo sapiens,Expression profiling by high throughput sequencing,GPL18573 12 Samples,12,"GSE206177	ID: 200206177",GEO (TXT) ftp://ftp.ncbi.nlm.nih.gov/geo/series/GSE206nnn/GSE206177/,,,
Effect of 4-HDHA during TNF-induced HT-29 cells apoptosis,Homo sapiens,Expression profiling by high throughput sequencing,GPL24676 12 Samples,12,"GSE249870	ID: 200249870",GEO (XLSX) ftp://ftp.ncbi.nlm.nih.gov/geo/series/GSE249nnn/GSE249870/,,,
A network-based framework to discover treatment-response-predicting biomarkers for complex diseases,Homo sapiens,Expression profiling by high throughput sequencing,GPL24676 12 Samples,12,"GSE261205	ID: 200261205",GEO (CSV) ftp://ftp.ncbi.nlm.nih.gov/geo/series/GSE261nnn/GSE261205/,,,
Multiomic analysis reveals cellular and epigenetic plasticity in intestinal pouches of ulcerative colitis patients [scRNA-seq],Homo sapiens,Expression profiling by high throughput sequencing,GPL24676 12 Samples,12,"GSE242086	ID: 200242086","GEO (MTX, TSV) ftp://ftp.ncbi.nlm.nih.gov/geo/series/GSE242nnn/GSE242086/",,,
Multiomic analysis reveals cellular and epigenetic plasticity in intestinal pouches of ulcerative colitis patients [scATAC-seq],Homo sapiens,Genome binding/occupancy profiling by high throughput sequencing,GPL24676 12 Samples,12,"GSE242085	ID: 200242085","GEO (TBI, TSV) ftp://ftp.ncbi.nlm.nih.gov/geo/series/GSE242nnn/GSE242085/",,,
Selective oxidative protection leads to tissue topological changes orchestrated by macrophage during ulcerative colitis,Homo sapiens,Expression profiling by high throughput sequencing,GPL18573 12 Samples,12,"GSE231993	ID: 200231993","GEO (MTX, TSV) ftp://ftp.ncbi.nlm.nih.gov/geo/series/GSE231nnn/GSE231993/",,,
Gene expression profile at single cell level of the intestinal T cells from patients with inflammatory bowel disease,Homo sapiens,Expression profiling by high throughput sequencing,GPL21290 GPL24676 12 Samples,12,"GSE218000	ID: 200218000","GEO (CSV, FASTA) ftp://ftp.ncbi.nlm.nih.gov/geo/series/GSE218nnn/GSE218000/",,,
Colonic mucosa of ulcerative colitis patients treated with biological agents,Homo sapiens,Expression profiling by high throughput sequencing,GPL21290 12 Samples,12,"GSE220815	ID: 200220815",GEO (TXT) ftp://ftp.ncbi.nlm.nih.gov/geo/series/GSE220nnn/GSE220815/,,,
Colonic CD8 T Cell Topography in IBD revealed by Single-Cell Profiling,Homo sapiens,Expression profiling by high throughput sequencing; Other,GPL20301 12 Samples,12,"GSE134649	ID: 200134649","GEO (MTX, TSV, TXT) ftp://ftp.ncbi.nlm.nih.gov/geo/series/GSE134nnn/GSE134649/",,,
Expression Profiles of Circular RNAs in colon biopsies from Crohn’s Disease Patients by Microarray Analysis,Homo sapiens,Non-coding RNA profiling by array,GPL21825 12 Samples,12,"GSE131911	ID: 200131911",GEO (TXT) ftp://ftp.ncbi.nlm.nih.gov/geo/series/GSE131nnn/GSE131911/,,,
Differential pathogenic Th17 profile in mesenteric lymph nodes of Crohn's disease and ulcerative colitis patients,Homo sapiens,Expression profiling by array,GPL21847 12 Samples,12,"GSE131359	ID: 200131359",GEO (RCC) ftp://ftp.ncbi.nlm.nih.gov/geo/series/GSE131nnn/GSE131359/,,,
Genome-wide methylation approach identifies a novel hypermethylated gene panel in ulcerative colitis,Homo sapiens,Methylation profiling by genome tiling array,GPL13534 12 Samples,12,"GSE81211	ID: 200081211","GEO (IDAT, TXT) ftp://ftp.ncbi.nlm.nih.gov/geo/series/GSE81nnn/GSE81211/",,,
Effects of Inflammation and 5-ASA on ex vivo cultured ulcerative colitis biopsies,Homo sapiens,Expression profiling by array,GPL10558 12 Samples,12,"GSE46451	ID: 200046451",GEO (TXT) ftp://ftp.ncbi.nlm.nih.gov/geo/series/GSE46nnn/GSE46451/,,,
Transcriptional imprinting of transmigrating neutrophils on T84 intestinal epithelial cells,Homo sapiens,Expression profiling by array,GPL6480 12 Samples,12,"GSE39681	ID: 200039681",GEO (TXT) ftp://ftp.ncbi.nlm.nih.gov/geo/series/GSE39nnn/GSE39681/,,,
Gene expression patterns of biopsies from a colonoscopy taken in 2009 of an ulcerative colitis patient infected with Trichuris trichiura,Homo sapiens,Expression profiling by array,GPL5621 12 Samples,12,"GSE25277	ID: 200025277",GEO (GPR) ftp://ftp.ncbi.nlm.nih.gov/geo/series/GSE25nnn/GSE25277/,,,
Gene expression patterns of biopsies from a colonoscopy taken in 2008 of an ulcerative colitis patient infected with Trichuris trichiura,Homo sapiens,Expression profiling by array,GPL5621 12 Samples,12,"GSE25276	ID: 200025276",GEO (GPR) ftp://ftp.ncbi.nlm.nih.gov/geo/series/GSE25nnn/GSE25276/,,,
Signaling pathways after 30 minutes and 4 hours treatment with 500 μM Na2S in intestinal epithelial cells,Homo sapiens,Expression profiling by RT-PCR,GPL6933 12 Samples,12,"GSE11688	ID: 200011688",GEO ftp://ftp.ncbi.nlm.nih.gov/geo/series/GSE11nnn/GSE11688/,,,
DNA damage response pathways after 30 minutes and 4 hours treatment with 500 μM Na2S in intestinal epithelial cells,Homo sapiens,Expression profiling by RT-PCR,GPL6926 12 Samples,12,"GSE11678	ID: 200011678",GEO ftp://ftp.ncbi.nlm.nih.gov/geo/series/GSE11nnn/GSE11678/,,,
Inflammatory bowel disease,Homo sapiens,Expression profiling by array,GPL96 GPL97 12 Samples,12,"GSE1152	ID: 200001152",GEO ftp://ftp.ncbi.nlm.nih.gov/geo/series/GSE1nnn/GSE1152/,,,
Induced organoids derived from patients with ulcerative colitis recapitulate the colitic reactivity,Homo sapiens,Expression profiling by high throughput sequencing,GPL24676 11 Samples,11,"GSE152999	ID: 200152999","GEO (MTX, TSV) ftp://ftp.ncbi.nlm.nih.gov/geo/series/GSE152nnn/GSE152999/",,,
Expression data from Crohn's disease (CD) and Ulcerative colitis (UC) human peripheral blood samples,Homo sapiens,Expression profiling by array,GPL570 11 Samples,11,"GSE11499	ID: 200011499",GEO (CEL) ftp://ftp.ncbi.nlm.nih.gov/geo/series/GSE11nnn/GSE11499/,,peripheral blood signatures,"UC,CD"
Composition of the Colonic Mesenchyme and the Nature of its Plasticity in Inflammatory Bowel Disease,Homo sapiens; Mus musculus,Expression profiling by high throughput sequencing,GPL20301 GPL21103 10 Samples,10,"GSE114374	ID: 200114374",GEO (TXT) ftp://ftp.ncbi.nlm.nih.gov/geo/series/GSE114nnn/GSE114374/,,,
miRNA data in colon mucosa samples from individuals with ulcerative colitis and normal controls,synthetic construct; Homo sapiens,Non-coding RNA profiling by array,GPL16384 10 Samples,10,"GSE43009	ID: 200043009",GEO (CEL) ftp://ftp.ncbi.nlm.nih.gov/geo/series/GSE43nnn/GSE43009/,,,
Expression data in colon mucosa samples from individuals with ulcerative colitis and normal controls,Homo sapiens,Expression profiling by array,GPL15207 10 Samples,10,"GSE42911	ID: 200042911",GEO (CEL) ftp://ftp.ncbi.nlm.nih.gov/geo/series/GSE42nnn/GSE42911/,,,
Bias in Gene-Set Analysis Applied to High-throughput Methylation Data,Homo sapiens,Methylation profiling by genome tiling array; Genome binding/occupancy profiling by genome tiling array,GPL8544 10 Samples,10,"GSE39188	ID: 200039188",GEO (TXT) ftp://ftp.ncbi.nlm.nih.gov/geo/series/GSE39nnn/GSE39188/,,,
The mechanism of gluconeogenic enzyme Pck1 in ulcerative colitis through regulation of Pla2g6-mediated lipid metabolism II,Homo sapiens,Expression profiling by high throughput sequencing,GPL34284 9 Samples,9,"GSE296485	ID: 200296485",GEO (XLS) ftp://ftp.ncbi.nlm.nih.gov/geo/series/GSE296nnn/GSE296485/,,,
IBD CosMx NanoString data from colonic mucosa,Mus musculus; Homo sapiens,Other,GPL33484 9 Samples,9,"GSE234713	ID: 200234713","GEO (CSV, HTML, TAR, TXT) ftp://ftp.ncbi.nlm.nih.gov/geo/series/GSE234nnn/GSE234713/",,,
HIF-dependent NFATC1 Activation Upregulates ITGA5 and PLAUR in Intestinal Epithelium in Inflammatory Bowel Disease,Homo sapiens,Expression profiling by high throughput sequencing,GPL21697 9 Samples,9,"GSE186295	ID: 200186295",GEO (TSV) ftp://ftp.ncbi.nlm.nih.gov/geo/series/GSE186nnn/GSE186295/,,,
Ulcerative Colitis is characterized by an intense and plasmablast skewed humoral response that associates with treatment resistance and disease complications,Homo sapiens,Expression profiling by high throughput sequencing,GPL11154 9 Samples,9,"GSE182270	ID: 200182270",GEO (TAR) ftp://ftp.ncbi.nlm.nih.gov/geo/series/GSE182nnn/GSE182270/,,,
Colonic single epithelial cell census reveals goblet cell drivers of barrier breakdown in inflammatory bowel disease,Homo sapiens,Expression profiling by high throughput sequencing,GPL24676 9 Samples,9,"GSE116222	ID: 200116222",GEO (TXT) ftp://ftp.ncbi.nlm.nih.gov/geo/series/GSE116nnn/GSE116222/,,,
Regulation of PRDM1 (PRDBF-1/BLIMP1) isoform expression in T cells by an Inflammatory Bowel Disease -associated polymorphism,Homo sapiens,Expression profiling by high throughput sequencing,GPL18573 8 Samples,8,"GSE83925	ID: 200083925",GEO (TXT) ftp://ftp.ncbi.nlm.nih.gov/geo/series/GSE83nnn/GSE83925/,,,
Single-cell single-molecule spatial transcriptomics using CosMx on colectomy specimens collected during Pouch surgery in IBD patients.,Mus musculus; Homo sapiens,Other,GPL33484 8 Samples,8,"GSE283625	ID: 200283625","GEO (CSV, TXT) ftp://ftp.ncbi.nlm.nih.gov/geo/series/GSE283nnn/GSE283625/",,,
M2-exo transfers funcional microRNA to IEC,Homo sapiens,Expression profiling by high throughput sequencing; Non-coding RNA profiling by high throughput sequencing,GPL24676 8 Samples,8,"GSE223481	ID: 200223481",GEO (TXT) ftp://ftp.ncbi.nlm.nih.gov/geo/series/GSE223nnn/GSE223481/,,,
"Vitamin D receptor (VDR) ChIP-Seq on human colonic organoids stimulated with 1,25(OH)2D3",Homo sapiens,Genome binding/occupancy profiling by high throughput sequencing,GPL18573 8 Samples,8,"GSE206176	ID: 200206176","GEO (BED, BW) ftp://ftp.ncbi.nlm.nih.gov/geo/series/GSE206nnn/GSE206176/",,,
Single-cell and spatial multi-omics highlight effects of anti-integrin therapy across cellular compartments in ulcerative colitis [biopsy scRNA-seq],Homo sapiens,Expression profiling by high throughput sequencing,GPL24676 8 Samples,8,"GSE250487	ID: 200250487","GEO (H5AD, MTX, RDS, TSV, TXT) ftp://ftp.ncbi.nlm.nih.gov/geo/series/GSE250nnn/GSE250487/",,,
Initiation of an inflammatory response in resident intestinal lamina propria cells -use of a human organ culture model,Homo sapiens,Expression profiling by array,GPL10558 8 Samples,8,"GSE56448	ID: 200056448",GEO (TXT) ftp://ftp.ncbi.nlm.nih.gov/geo/series/GSE56nnn/GSE56448/,,,
Gene expression analysis of omental and mesenteric adipose tissue in Crohn's disease and ulcerative colitis,Homo sapiens,Expression profiling by array,GPL6947 8 Samples,8,"GSE46754	ID: 200046754",GEO (TXT) ftp://ftp.ncbi.nlm.nih.gov/geo/series/GSE46nnn/GSE46754/,,,
Analysis of Gene Expression changes in human intestinal endothelial-to-mesenchymal transition,Homo sapiens,Expression profiling by array,GPL6104 8 Samples,8,"GSE15975	ID: 200015975",GEO (TXT) ftp://ftp.ncbi.nlm.nih.gov/geo/series/GSE15nnn/GSE15975/,,,
Control (IBS) & Ulcerative colitis (UC) subjects,Homo sapiens,Expression profiling by array,GPL96 8 Samples,8,"GSE2461	ID: 200002461","GEO (CEL, EXP) ftp://ftp.ncbi.nlm.nih.gov/geo/series/GSE2nnn/GSE2461/",,,
"CCD18co colonic fibroblast cell line treated with various pro-inflammatory stimuli, and analized by single cell RNA sequencing (scRNA-seq) to analyze pro-fibrotic signatures",Homo sapiens,Expression profiling by high throughput sequencing,GPL24676 7 Samples,7,"GSE233063	ID: 200233063","GEO (MTX, TSV) ftp://ftp.ncbi.nlm.nih.gov/geo/series/GSE233nnn/GSE233063/",,,
PIWIL2 downregulation in colon cancer promotes transposon activity and pro-tumorigenic phenotypes,Homo sapiens,Non-coding RNA profiling by high throughput sequencing,GPL24676 6 Samples,6,"GSE303118	ID: 200303118",GEO (CSV) ftp://ftp.ncbi.nlm.nih.gov/geo/series/GSE303nnn/GSE303118/,,,
Gene expression profile characteristics of patients with ulcerative colitis,Homo sapiens,Expression profiling by high throughput sequencing,GPL24676 6 Samples,6,"GSE294501	ID: 200294501",GEO (XLSX) ftp://ftp.ncbi.nlm.nih.gov/geo/series/GSE294nnn/GSE294501/,,,
Dietary 3-Aminobenzoic Acid Enhances Intestinal Barrier Integrity and Attenuates Experimental Colitis,Homo sapiens,Expression profiling by high throughput sequencing,GPL34281 6 Samples,6,"GSE270624	ID: 200270624",GEO (TXT) ftp://ftp.ncbi.nlm.nih.gov/geo/series/GSE270nnn/GSE270624/,,,
Hydrogen sulfide preserves intestinal barrier repair function through sulfhydration of RPS20 in experimental colitis,Homo sapiens,Expression profiling by high throughput sequencing,GPL24676 6 Samples,6,"GSE276745	ID: 200276745",GEO (TXT) ftp://ftp.ncbi.nlm.nih.gov/geo/series/GSE276nnn/GSE276745/,,,
RNA sequencing analysis in Caco2 cells infected with vector or PIM1,Homo sapiens,Expression profiling by high throughput sequencing,GPL24676 6 Samples,6,"GSE234122	ID: 200234122",GEO (TXT) ftp://ftp.ncbi.nlm.nih.gov/geo/series/GSE234nnn/GSE234122/,,,
The TNFSF12/TWEAK modulates colonic inflammatory fibroblast differentiation and promotes fibroblast-monocyte interactions,Homo sapiens,Expression profiling by high throughput sequencing,GPL23227 6 Samples,6,"GSE237845	ID: 200237845",GEO (TSV) ftp://ftp.ncbi.nlm.nih.gov/geo/series/GSE237nnn/GSE237845/,,,
"Reverse translational discovery reveals dysregulation of CD4+ and CD8+ resident memory T, myeloid, and stromal cells in steroid-refractory, checkpoint inhibitor colitis [biopsy scRNA_TCR-seq]",Homo sapiens,Expression profiling by high throughput sequencing,GPL24676 6 Samples,6,"GSE253720	ID: 200253720","GEO (CSV, H5AD, MTX, TSV, TXT) ftp://ftp.ncbi.nlm.nih.gov/geo/series/GSE253nnn/GSE253720/",,,
Increased motility and suppression of ex vivo-expanded regulatory T cells designed for adoptive transfer therapy in ulcerative colitis,Homo sapiens,Expression profiling by high throughput sequencing,GPL24676 6 Samples,6,"GSE229607	ID: 200229607",GEO (CSV) ftp://ftp.ncbi.nlm.nih.gov/geo/series/GSE229nnn/GSE229607/,,,
Integrated analysis of DNA methylation and gene expression profiles identified S100A9 as a potential biomarker in ulcerative colitis,Homo sapiens,Expression profiling by array; Non-coding RNA profiling by array,GPL20115 6 Samples,6,"GSE160804	ID: 200160804",GEO (TXT) ftp://ftp.ncbi.nlm.nih.gov/geo/series/GSE160nnn/GSE160804/,,,
Human interleukin-4 treated regulatory macrophages promote epithelial wound healing and reduce colitis in an mouse model,Homo sapiens,Expression profiling by high throughput sequencing,GPL18573 6 Samples,6,"GSE132732	ID: 200132732",GEO (TXT) ftp://ftp.ncbi.nlm.nih.gov/geo/series/GSE132nnn/GSE132732/,,,
Ulcerative colitis gene expressions file,Homo sapiens,Expression profiling by array,GPL20115 6 Samples,6,"GSE134025	ID: 200134025",GEO (TXT) ftp://ftp.ncbi.nlm.nih.gov/geo/series/GSE134nnn/GSE134025/,,,
Microarray analysis of CD14+ CD163high CD160high cells in human intestinal lamina propria,Homo sapiens,Expression profiling by array,GPL4133 6 Samples,6,"GSE79627	ID: 200079627",GEO (TXT) ftp://ftp.ncbi.nlm.nih.gov/geo/series/GSE79nnn/GSE79627/,,,
Role of miRNA in inflammatory bowel disease,Rhadinovirus; Merkel cell polyomavirus; Human alphaherpesvirus 2; Lymphocryptovirus; Betapolyomavirus hominis; JC polyomavirus; Human immunodeficiency virus 1; Homo sapiens; Human alphaherpesvirus 1; Cytomegalovirus; Betapolyomavirus macacae,Non-coding RNA profiling by array,GPL19128 6 Samples,6,"GSE66932	ID: 200066932","GEO (CSV, TXT, XLSX) ftp://ftp.ncbi.nlm.nih.gov/geo/series/GSE66nnn/GSE66932/",,,
Inflammatory bowel disease (HG-U133B),Homo sapiens,Expression profiling by array,GPL97 6 Samples,6,"GSE1142	ID: 200001142",GEO ftp://ftp.ncbi.nlm.nih.gov/geo/series/GSE1nnn/GSE1142/,,,
Inflammatory bowel disease (HG-U133A),Homo sapiens,Expression profiling by array,GPL96 6 Samples,6,"GSE1141	ID: 200001141",GEO ftp://ftp.ncbi.nlm.nih.gov/geo/series/GSE1nnn/GSE1141/,,,
Inhibition of histone deacetylation by MS-275 alleviates colitis by activating the vitamin D receptor,Homo sapiens,Genome binding/occupancy profiling by high throughput sequencing,GPL20795 5 Samples,5,"GSE138495	ID: 200138495",GEO (BIGWIG) ftp://ftp.ncbi.nlm.nih.gov/geo/series/GSE138nnn/GSE138495/,,,
Single-Cell Analyses of Colon and Blood Reveal Distinct Immune Cell Signatures of Ulcerative Colitis and Crohn’s Disease,Homo sapiens,Expression profiling by high throughput sequencing,GPL18573 5 Samples,5,"GSE150115	ID: 200150115","GEO (CSV, TXT) ftp://ftp.ncbi.nlm.nih.gov/geo/series/GSE150nnn/GSE150115/",,,
MicroRNA expression in human colon: Crohn's disease versus ulcerative colitis,Homo sapiens; Human alphaherpesvirus 1; Human betaherpesvirus 5; Murid betaherpesvirus 1; Human immunodeficiency virus 1; human gammaherpesvirus 4; JC polyomavirus; Human gammaherpesvirus 8; Betapolyomavirus macacae; Murid gammaherpesvirus 4; Betapolyomavirus hominis,Non-coding RNA profiling by array,GPL14149 5 Samples,5,"GSE53867	ID: 200053867",GEO (TXT) ftp://ftp.ncbi.nlm.nih.gov/geo/series/GSE53nnn/GSE53867/,,,
Human UniGene Set RZPD 1 - Zipf's Normalization,Homo sapiens,Expression profiling by array,GPL284 5 Samples,5,"GSE1510	ID: 200001510",GEO ftp://ftp.ncbi.nlm.nih.gov/geo/series/GSE1nnn/GSE1510/,,,
ChIP-seq analysis for HDAC2 in Caco2 cells infected with vector or PIM1,Homo sapiens,Genome binding/occupancy profiling by high throughput sequencing,GPL24676 4 Samples,4,"GSE234117	ID: 200234117",GEO (NARROWPEAK) ftp://ftp.ncbi.nlm.nih.gov/geo/series/GSE234nnn/GSE234117/,,,
"Reverse translational discovery reveals dysregulation of CD4+ and CD8+ resident memory T, myeloid, and stromal cells in steroid-refractory, checkpoint inhibitor colitis [blood CITE_TCR-seq]",Homo sapiens,Other,GPL24676 4 Samples,4,"GSE253721	ID: 200253721","GEO (CSV, H5AD, MTX, TSV, TXT) ftp://ftp.ncbi.nlm.nih.gov/geo/series/GSE253nnn/GSE253721/",,,
Single-cell and spatial multi-omics highlight effects of anti-integrin therapy across cellular compartments in ulcerative colitis [blood scRNA-seq],Homo sapiens,Expression profiling by high throughput sequencing,GPL24676 4 Samples,4,"GSE250488	ID: 200250488","GEO (H5AD, MTX, RDS, TSV, TXT) ftp://ftp.ncbi.nlm.nih.gov/geo/series/GSE250nnn/GSE250488/",,,
Drug repositioning of inflammatory bowel disease based on co-target gene expression signature of glucocorticoid receptor and TET2,Homo sapiens,Expression profiling by high throughput sequencing,GPL24676 4 Samples,4,"GSE250063	ID: 200250063",GEO (TXT) ftp://ftp.ncbi.nlm.nih.gov/geo/series/GSE250nnn/GSE250063/,,,
Macrophage-Endothelial Cell Crosstalk Orchestrates Neutrophil Recruitment in Inflamed Mucosa scRNA-Seq,Homo sapiens,Expression profiling by high throughput sequencing,GPL24676 4 Samples,4,"GSE221987	ID: 200221987","GEO (MTX, TSV) ftp://ftp.ncbi.nlm.nih.gov/geo/series/GSE221nnn/GSE221987/",,,
ISR8 / IRF1-AS1 is relevant for IFNα and NF-κB responses,Homo sapiens,Expression profiling by high throughput sequencing,GPL20301 4 Samples,4,"GSE205276	ID: 200205276",GEO (TXT) ftp://ftp.ncbi.nlm.nih.gov/geo/series/GSE205nnn/GSE205276/,,,
Pro- and anti-tumorigenic capacity of immunoproteasomes in shaping the tumor microenvironment,Homo sapiens,Expression profiling by array,GPL1708 4 Samples,4,"GSE150979	ID: 200150979",GEO (TXT) ftp://ftp.ncbi.nlm.nih.gov/geo/series/GSE150nnn/GSE150979/,,,
Genetic variants alter T-bet binding and gene expression in mucosal inflammatory disease,Homo sapiens,Genome binding/occupancy profiling by high throughput sequencing,GPL18573 4 Samples,4,"GSE81881	ID: 200081881",GEO (BED) ftp://ftp.ncbi.nlm.nih.gov/geo/series/GSE81nnn/GSE81881/,,,
Analysis of Gene Expression changes in human intestinal endothelial-to-mesenchymal transition - TRANSFORMED GROUP ,Homo sapiens,Expression profiling by array,GPL6104 4 Samples,4,"GSE15934	ID: 200015934",GEO ftp://ftp.ncbi.nlm.nih.gov/geo/series/GSE15nnn/GSE15934/,,,
Analysis of Gene Expression changes in human intestinal endothelial-to-mesenchymal transition - UNTREATED/CONTROL GROUP ,Homo sapiens,Expression profiling by array,GPL6104 4 Samples,4,"GSE15933	ID: 200015933",GEO ftp://ftp.ncbi.nlm.nih.gov/geo/series/GSE15nnn/GSE15933/,,,
Caco-2 cells cocultured with E.coli Nissle 1917,Homo sapiens,Expression profiling by array,GPL96 4 Samples,4,"GSE2232	ID: 200002232",GEO ftp://ftp.ncbi.nlm.nih.gov/geo/series/GSE2nnn/GSE2232/,,,
Polydatin protects against DSS-induced ulcerative colitis via Nrf2/Slc7a11/Gpx4-dependent inhibition of ferroptosis signalling activation,Homo sapiens,Expression profiling by high throughput sequencing,GPL29480 3 Samples,3,"GSE285956	ID: 200285956",GEO (TXT) ftp://ftp.ncbi.nlm.nih.gov/geo/series/GSE285nnn/GSE285956/,,,
Establishment of an ulcerative colitis model using colon organoids derived from human induced pluripotent stem cells,Homo sapiens,Expression profiling by high throughput sequencing,GPL24676 2 Samples,2,"GSE244981	ID: 200244981","GEO (MTX, TSV) ftp://ftp.ncbi.nlm.nih.gov/geo/series/GSE244nnn/GSE244981/",,,
"Reverse translational discovery reveals dysregulation of CD4+ and CD8+ resident memory T, myeloid, and stromal cells in steroid-refractory, checkpoint inhibitor colitis [biopsy CITEseq]",Homo sapiens,Other,GPL24676 2 Samples,2,"GSE253719	ID: 200253719","GEO (H5AD, MTX, TSV, TXT) ftp://ftp.ncbi.nlm.nih.gov/geo/series/GSE253nnn/GSE253719/",,,
Single-cell and spatial multi-omics highlight effects of anti-integrin therapy across cellular compartments in ulcerative colitis [biopsy CITE-seq],Homo sapiens,Expression profiling by high throughput sequencing; Other,GPL24676 2 Samples,2,"GSE250490	ID: 200250490","GEO (H5AD, MTX, TSV, TXT) ftp://ftp.ncbi.nlm.nih.gov/geo/series/GSE250nnn/GSE250490/",,,
Single cell RNA-seq in small intestine ,Homo sapiens,Expression profiling by high throughput sequencing,GPL30209 2 Samples,2,"GSE210955	ID: 200210955","GEO (CSV, MTX, TSV, TXT) ftp://ftp.ncbi.nlm.nih.gov/geo/series/GSE210nnn/GSE210955/",,,
Gene expression profiles in sigmoid colon biopsies from healthy and patients with ulcerative colitis,Homo sapiens,Expression profiling by array,GPL570 2 Samples,2,"GSE10791	ID: 200010791","GEO (CEL, CHP) ftp://ftp.ncbi.nlm.nih.gov/geo/series/GSE10nnn/GSE10791/",,low sample count,
Gene Expression Profiling of Ulcerative Colitis ,Homo sapiens,Expression profiling by array,GPL1352 2 Samples,2,"GSE3801	ID: 200003801",GEO ftp://ftp.ncbi.nlm.nih.gov/geo/series/GSE3nnn/GSE3801/,,,
Single-cell transcriptomic profile of innate cell populations in mesenteric lymph nodes of inflammatory bowel disease patients,Homo sapiens,Expression profiling by high throughput sequencing; Other,GPL24676 1 Sample,"Single-cell transcriptomic profile of innate cell populations in mesenteric lymph nodes of inflammatory bowel disease patients
(Submitter supplied) Innate immune cells, including dendritic cells (DCs), monocytes (Mono), macrophages (Mac), natural killer (NK) and innate lymphoid cells (ILC), contribute to chronic inflammation in lymphoid tissues. Here, we characterized the innate immune cell landscape in inflamed mesenteric lymph nodes (MLNs) of patients with inflammatory bowel diseases (IBD) at the single-cell level. CITE-seq analysis unveiled the molecular signature of 11 Mono/Mac/DC (MMDC) and 7 NK/ILC enriched clusters in human MLNs. more...
Organism:	Homo sapiens
Type:		Expression profiling by high throughput sequencing; Other
Platform: GPL24676 1 Sample
FTP download: GEO (CSV) ftp://ftp.ncbi.nlm.nih.gov/geo/series/GSE284nnn/GSE284775/
Series		Accession: GSE284775	ID: 200284775","GSE284775	ID: 200284775",GEO (CSV) ftp://ftp.ncbi.nlm.nih.gov/geo/series/GSE284nnn/GSE284775/,,,
